time_s,phase,dP,p17,p18,dVQ_V,loop_gain,polarization_gain,sense_margin_V,vt_shift_V,id_proxy,refresh_needed
0.0,1.0,0.0,0.0,0.0,0.0,0.25,0.16,-0.12,0.0,0.0,1.0
5e-08,1.0,0.1331221002498184,0.0665610501249092,-0.0665610501249092,0.021299536039970948,0.25,0.16,-0.09870046396002904,0.04659273508743644,0.04792395608993463,1.0
1e-07,1.0,0.248522706924714,0.124261353462357,-0.124261353462357,0.03976363310795424,0.25,0.16,-0.08023636689204575,0.0869829474236499,0.08946817449289704,1.0
1.5e-07,1.0,0.3485609424689444,0.1742804712344722,-0.1742804712344722,0.05576975079503111,0.25,0.16,-0.06423024920496889,0.12199632986413055,0.12548193928882,1.0
2e-07,1.0,0.4352818779922407,0.21764093899612036,-0.21764093899612036,0.06964510047875852,0.25,0.16,-0.050354899521241475,0.15234865729728425,0.15670147607720666,1.0
2.5e-07,1.0,0.5104583404430469,0.25522917022152347,-0.25522917022152347,0.08167333447088751,0.25,0.16,-0.038326665529112486,0.17866041915506642,0.1837650025594969,1.0
3e-07,1.0,0.57562715432305,0.287813577161525,-0.287813577161525,0.092100344691688,0.25,0.16,-0.027899655308311996,0.20146950401306749,0.207225775556298,1.0
3.5e-07,1.0,0.6321205588285577,0.31606027941427883,-0.31606027941427883,0.10113928941256922,0.25,0.16,-0.018860710587430773,0.22124219558999517,0.22756340117828075,1.0
4e-07,1.0,0.6810934426760296,0.3405467213380148,-0.3405467213380148,0.10897495082816473,0.25,0.16,-0.011025049171835263,0.23838270493661032,0.24519363936337063,1.0
4.5e-07,1.0,0.7235469533704357,0.36177347668521787,-0.36177347668521787,0.11576751253926972,0.25,0.16,-0.00423248746073028,0.2532414336796525,0.26047690321335687,1.0
5e-07,1.0,0.7603489635582242,0.3801744817791121,-0.3801744817791121,0.12165583416931589,0.25,0.16,0.0016558341693158896,0.2661221372453785,0.27372562688096075,0.0
5.5e-07,1.0,0.7922518128563992,0.3961259064281996,-0.3961259064281996,0.12676029005702388,0.25,0.16,0.006760290057023888,0.2772881344997397,0.28521065262830375,0.0
6e-07,1.0,0.8199076878520476,0.4099538439260238,-0.4099538439260238,0.13118523005632762,0.25,0.16,0.011185230056327627,0.28696769074821665,0.29516676762673716,0.0
6.499999999999999e-07,1.0,0.8438819546840289,0.42194097734201447,-0.42194097734201447,0.13502111274944464,0.25,0.16,0.015021112749444648,0.29535868413941013,0.30379750368625047,0.0
7e-07,1.0,0.8646647167633873,0.43233235838169365,-0.43233235838169365,0.13834635468214196,0.25,0.16,0.018346354682141963,0.30263265086718555,0.31127929803481946,0.0
7.5e-07,1.0,0.8826808339057493,0.4413404169528746,-0.4413404169528746,0.14122893342491988,0.25,0.16,0.021228933424919882,0.3089382918670122,0.31776510020606974,0.0
8e-07,1.0,0.8982986076957732,0.4491493038478866,-0.4491493038478866,0.1437277772313237,0.25,0.16,0.023727777231323716,0.3144045126935206,0.32338749877047834,0.0
8.499999999999999e-07,1.0,0.9118373106376425,0.45591865531882125,-0.45591865531882125,0.1458939697020228,0.25,0.16,0.025893969702022818,0.31914305872317483,0.32826143182955136,0.0
9e-07,1.0,0.923573713009232,0.461786856504616,-0.461786856504616,0.14777179408147711,0.25,0.16,0.02777179408147712,0.32325079955323116,0.3324865366833235,0.0
9.5e-07,1.0,0.9337477408477384,0.4668738704238692,-0.4668738704238692,0.14939963853563815,0.25,0.16,0.02939963853563815,0.3268117092967084,0.33614918670518584,0.0
1e-06,1.0,0.9425673807323827,0.47128369036619133,-0.47128369036619133,0.15081078091718123,0.25,0.16,0.03081078091718123,0.3298985832563339,0.33932425706365776,0.0
1.05e-06,1.0,0.950212931632136,0.475106465816068,-0.475106465816068,0.15203406906114178,0.25,0.16,0.032034069061141784,0.3325745260712476,0.34207665538756904,0.0
1.1e-06,1.0,0.9568406907385474,0.4784203453692737,-0.4784203453692737,0.15309451051816758,0.25,0.16,0.033094510518167586,0.3348942417584916,0.34446264866587706,0.0
1.15e-06,1.0,0.9625861486327634,0.4812930743163817,-0.4812930743163817,0.15401378378124214,0.25,0.16,0.034013783781242146,0.33690515202146715,0.3465310135077948,0.0
1.2e-06,1.0,0.9675667591052045,0.48378337955260226,-0.48378337955260226,0.15481068145683272,0.25,0.16,0.03481068145683272,0.33864836568682155,0.34832403327787365,0.0
1.2499999999999999e-06,1.0,0.971884340251028,0.485942170125514,-0.485942170125514,0.15550149444016448,0.25,0.16,0.03550149444016448,0.3401595190878598,0.3498783624903701,0.0
1.2999999999999998e-06,1.0,0.9756271559267204,0.4878135779633602,-0.4878135779633602,0.15610034494827527,0.25,0.16,0.03610034494827527,0.34146950457435216,0.3512257761336194,0.0
1.35e-06,1.0,0.9788717201188167,0.48943586005940837,-0.48943586005940837,0.15661947521901068,0.25,0.16,0.03661947521901068,0.34260510204158584,0.352393819242774,0.0
1.4e-06,1.0,0.9816843611112658,0.4908421805556329,-0.4908421805556329,0.15706949777780252,0.25,0.16,0.037069497777802524,0.343589526388943,0.3534063700000557,0.0
1.4499999999999999e-06,1.0,0.9841225774275514,0.4920612887137757,-0.4920612887137757,0.15745961238840822,0.25,0.16,0.037459612388408225,0.34444290209964296,0.3542841278739185,0.0
1.5e-06,1.0,0.9862362132669495,0.4931181066334748,-0.4931181066334748,0.15779779412271194,0.25,0.16,0.03779779412271195,0.34518267464343233,0.3550450367761019,0.0
1.55e-06,1.0,0.9880684774642439,0.49403423873212193,-0.49403423873212193,0.15809095639427903,0.25,0.16,0.038090956394279035,0.3458239671124853,0.35570465188712785,0.0
1.6e-06,1.0,0.9896568268033817,0.49482841340169087,-0.49482841340169087,0.15834509228854107,0.25,0.16,0.03834509228854108,0.3463798893811836,0.35627645764921745,0.0
1.6499999999999999e-06,1.0,0.9910337317425632,0.4955168658712816,-0.4955168658712816,0.1585653970788101,0.25,0.16,0.0385653970788101,0.3468618061098971,0.3567721434273228,0.0
1.6999999999999998e-06,1.0,0.9922273402043965,0.49611367010219826,-0.49611367010219826,0.15875637443270343,0.25,0.16,0.03875637443270344,0.3472795690715388,0.3572018424735828,0.0
1.75e-06,1.0,0.9932620530009145,0.49663102650045726,-0.49663102650045726,0.15892192848014633,0.25,0.16,0.038921928480146334,0.34764171855032006,0.3575743390803292,0.0
1.8e-06,1.0,0.9941590226568048,0.4970795113284024,-0.4970795113284024,0.15906544362508876,0.25,0.16,0.039065443625088764,0.34795565792988165,0.35789724815644974,0.0
1.8499999999999999e-06,1.0,0.9949365858282425,0.49746829291412126,-0.49746829291412126,0.15918985373251882,0.25,0.16,0.03918985373251882,0.3482278050398849,0.35817717089816736,0.0
1.9e-06,1.0,0.9956106381572215,0.49780531907861075,-0.49780531907861075,0.15929770210515545,0.25,0.16,0.03929770210515546,0.3484637233550275,0.3584198297365998,0.0
1.95e-06,1.0,0.9961949592244886,0.4980974796122443,-0.4980974796122443,0.15939119347591818,0.25,0.16,0.039391193475918185,0.34866823572857103,0.3586301853208159,0.0
2e-06,2.0,0.996701494244061,0.4983507471220305,-0.4983507471220305,0.12267095313773058,0.35,0.12307692307692307,0.0026709531377305806,0.3488455229854213,0.3220112519865428,0.0
2.05e-06,2.0,0.9621254689971868,0.4810627344985934,-0.4810627344985934,0.11841544233811528,0.35,0.12307692307692307,-0.001584557661884714,0.33674391414901533,0.31084053613755264,1.0
2.1e-06,2.0,0.9440416064803109,0.47202080324015544,-0.47202080324015544,0.1161897361821921,0.35,0.12307692307692307,-0.003810263817807899,0.3304145622681088,0.30499805747825426,1.0
2.1499999999999997e-06,2.0,0.9294855082254558,0.4647427541127279,-0.4647427541127279,0.11439821639697917,0.35,0.12307692307692307,-0.005601783603020827,0.3253199278789095,0.3002953180420703,1.0
2.2e-06,2.0,0.916872490482699,0.4584362452413495,-0.4584362452413495,0.11284584498248602,0.35,0.12307692307692307,-0.007154155017513972,0.3209053716689446,0.29622034307902584,1.0
2.25e-06,2.0,0.9055544197236542,0.4527772098618271,-0.4527772098618271,0.1114528516582959,0.35,0.12307692307692307,-0.0085471483417041,0.316944046903279,0.29256373560302673,1.0
2.3e-06,2.0,0.8951862588404971,0.44759312942024854,-0.44759312942024854,0.1101767703188304,0.35,0.12307692307692307,-0.009823229681169596,0.31331519059417395,0.2892140220869298,1.0
2.35e-06,2.0,0.885557009899518,0.442778504949759,-0.442778504949759,0.10899163198763298,0.35,0.12307692307692307,-0.011008368012367015,0.3099449534648313,0.28610303396753656,1.0
2.4e-06,2.0,0.8765258695540065,0.43826293477700323,-0.43826293477700323,0.10788010702203156,0.35,0.12307692307692307,-0.012119892977968436,0.30678405434390227,0.28318528093283285,1.0
2.45e-06,2.0,0.8679930172470968,0.4339965086235484,-0.4339965086235484,0.10682990981502728,0.35,0.12307692307692307,-0.013170090184972713,0.30379755603648384,0.2804285132644466,1.0
2.4999999999999998e-06,2.0,0.8598844636833379,0.42994223184166896,-0.42994223184166896,0.10583193399179543,0.35,0.12307692307692307,-0.014168066008204569,0.30095956228916826,0.277808826728463,1.0
2.5499999999999997e-06,2.0,0.852143457176788,0.426071728588394,-0.426071728588394,0.10487919472945081,0.35,0.12307692307692307,-0.015120805270549181,0.2982502100118758,0.2753078861648084,1.0
2.5999999999999997e-06,2.0,0.8447252700448638,0.4223626350224319,-0.4223626350224319,0.10396618708244476,0.35,0.12307692307692307,-0.016033812917555235,0.2956538445157023,0.2729112410914175,1.0
2.65e-06,2.0,0.8375938644583023,0.41879693222915115,-0.41879693222915115,0.10308847562563721,0.35,0.12307692307692307,-0.016911524374362788,0.2931578525604058,0.27060724851729767,1.0
2.7e-06,2.0,0.8307196677553386,0.4153598338776693,-0.4153598338776693,0.1022424206468109,0.35,0.12307692307692307,-0.0177575793531891,0.2907518837143685,0.2683863541978786,1.0
2.75e-06,2.0,0.8240780352054128,0.4120390176027064,-0.4120390176027064,0.1014249889483585,0.35,0.12307692307692307,-0.0185750110516415,0.28842731232189445,0.26624059598944105,1.0
2.8e-06,2.0,0.8176481561729281,0.40882407808646404,-0.40882407808646404,0.10063361922128344,0.35,0.12307692307692307,-0.019366380778716552,0.2861768546605248,0.2641632504558691,1.0
2.85e-06,2.0,0.8114122561052963,0.40570612805264816,-0.40570612805264816,0.09986612382834416,0.35,0.12307692307692307,-0.020133876171655837,0.2839942896368537,0.2621485750494034,1.0
2.8999999999999998e-06,2.0,0.8053550016729255,0.40267750083646275,-0.40267750083646275,0.0991206155905139,0.35,0.12307692307692307,-0.0208793844094861,0.2818742505855239,0.260191615925099,1.0
2.9499999999999997e-06,2.0,0.7994630489508872,0.3997315244754436,-0.3997315244754436,0.09839545217857072,0.35,0.12307692307692307,-0.021604547821429274,0.2798120671328105,0.25828806196874815,1.0
3e-06,2.0,0.7937246945418472,0.3968623472709236,-0.3968623472709236,0.0976891931743812,0.35,0.12307692307692307,-0.022310806825618798,0.2778036430896465,0.2564341320827507,1.0
3.05e-06,2.0,0.7881296022218915,0.3940648011109458,-0.3940648011109458,0.09700056642730973,0.35,0.12307692307692307,-0.02299943357269027,0.27584536077766203,0.25462648687168804,1.0
3.1e-06,2.0,0.7826685859497379,0.39133429297486894,-0.39133429297486894,0.09632844134766004,0.35,0.12307692307692307,-0.023671558652339955,0.2739340050824082,0.25286215853760763,1.0
3.15e-06,2.0,0.7773334355890386,0.3886667177945193,-0.3886667177945193,0.09567180745711243,0.35,0.12307692307692307,-0.024328192542887567,0.2720667024561635,0.25113849457492016,1.0
3.2e-06,2.0,0.7721167754481646,0.3860583877240823,-0.3860583877240823,0.09502975697823564,0.35,0.12307692307692307,-0.024970243021764357,0.2702408714068576,0.24945311206786858,1.0
3.25e-06,2.0,0.7670119483505551,0.38350597417527754,-0.38350597417527754,0.09440147056622215,0.35,0.12307692307692307,-0.025598529433777842,0.26845418192269427,0.24780386023633316,1.0
3.2999999999999997e-06,2.0,0.7620129197930041,0.38100645989650206,-0.38100645989650206,0.09378620551298511,0.35,0.12307692307692307,-0.026213794487014885,0.2667045219275514,0.24618878947158596,1.0
3.3499999999999997e-06,2.0,0.7571141980738727,0.37855709903693635,-0.37855709903693635,0.09318328591678433,0.35,0.12307692307692307,-0.026816714083215662,0.26498996932585545,0.24460612553155886,1.0
3.3999999999999996e-06,2.0,0.7523107672384034,0.3761553836192017,-0.3761553836192017,0.09259209442934195,0.35,0.12307692307692307,-0.027407905570658045,0.26330876853344115,0.24305424787702262,1.0
3.45e-06,2.0,0.7475980304009336,0.3737990152004668,-0.3737990152004668,0.09201206528011491,0.35,0.12307692307692307,-0.027987934719885088,0.26165931064032677,0.24153167136030165,1.0
3.5e-06,2.0,0.7429717615363728,0.3714858807681864,-0.3714858807681864,0.09144267834293818,0.35,0.12307692307692307,-0.028557321657061818,0.26004011653773046,0.24003703065021273,1.0
3.55e-06,2.0,0.7384280642357904,0.3692140321178952,-0.3692140321178952,0.09088345405978959,0.35,0.12307692307692307,-0.029116545940210403,0.2584498224825266,0.23856906690694768,1.0
3.6e-06,2.0,0.7339633362283061,0.36698166811415306,-0.36698166811415306,0.09033394907425306,0.35,0.12307692307692307,-0.029666050925746937,0.2568871676799071,0.23712661631991427,1.0
3.6499999999999998e-06,2.0,0.7295742387084208,0.3647871193542104,-0.3647871193542104,0.08979375245642102,0.35,0.12307692307692307,-0.03020624754357898,0.2553509835479473,0.23570860019810516,1.0
3.6999999999999997e-06,2.0,0.7252576696922649,0.36262883484613245,-0.36262883484613245,0.08926248242366337,0.35,0.12307692307692307,-0.030737517576336623,0.2538401843922927,0.23431401636211635,1.0
3.7499999999999997e-06,2.0,0.7210107407708316,0.3605053703854158,-0.3605053703854158,0.08873978347948697,0.35,0.12307692307692307,-0.03126021652051303,0.25235375926979103,0.2329419316336533,1.0
3.8e-06,2.0,0.7168307567425729,0.35841537837128645,-0.35841537837128645,0.0882253239067782,0.35,0.12307692307692307,-0.03177467609322179,0.25089076485990053,0.23159147525529278,1.0
3.8499999999999996e-06,2.0,0.7127151976987828,0.3563575988493914,-0.3563575988493914,0.08771879356292711,0.35,0.12307692307692307,-0.032281206437072885,0.24945031919457394,0.23026183310268367,1.0
3.9e-06,2.0,0.7086617032081867,0.35433085160409333,-0.35433085160409333,0.08721990193331527,0.35,0.12307692307692307,-0.03278009806668472,0.24803159612286532,0.2289522425749526,1.0
3.9499999999999995e-06,2.0,0.7046680583060808,0.3523340291530404,-0.3523340291530404,0.08672837640690224,0.35,0.12307692307692307,-0.03327162359309775,0.24663382040712828,0.22766198806811844,1.0
4e-06,2.0,0.7007321810412054,0.3503660905206027,-0.3503660905206027,0.08624396074353297,0.35,0.12307692307692307,-0.03375603925646703,0.24525626336442186,0.22639039695177404,1.0
4.05e-06,2.0,0.6968521113726154,0.3484260556863077,-0.3484260556863077,0.0857664137073988,0.35,0.12307692307692307,-0.03423358629260119,0.24389823898041538,0.2251368359819219,1.0
4.1e-06,2.0,0.6930260012408958,0.3465130006204479,-0.3465130006204479,0.08529550784503331,0.35,0.12307692307692307,-0.03470449215496668,0.2425591004343135,0.22390070809321247,1.0
4.15e-06,2.0,0.6892521056645583,0.34462605283227915,-0.34462605283227915,0.0848310283894841,0.35,0.12307692307692307,-0.035168971610515895,0.2412382369825954,0.22268144952239577,1.0
4.2e-06,2.0,0.6855287747344264,0.3427643873672132,-0.3427643873672132,0.08437277227500632,0.35,0.12307692307692307,-0.035627227724993674,0.23993507115704923,0.2214785272218916,1.0
4.25e-06,2.0,0.6818544463971231,0.34092722319856156,-0.34092722319856156,0.08392054724887668,0.35,0.12307692307692307,-0.036079452751123314,0.23864905623899307,0.2202914365283013,1.0
4.2999999999999995e-06,2.0,0.6782276399341023,0.33911381996705114,-0.33911381996705114,0.08347417106881258,0.35,0.12307692307692307,-0.036525828931187415,0.2373796739769358,0.21911969905563305,1.0
4.35e-06,2.0,0.6746469500555491,0.33732347502777454,-0.33732347502777454,0.08303347077606757,0.35,0.12307692307692307,-0.036966529223932426,0.23612643251944215,0.2179628607871774,1.0
4.4e-06,2.0,0.6711110415393445,0.33555552076967227,-0.33555552076967227,0.08259828203561163,0.35,0.12307692307692307,-0.03740171796438836,0.23488886453877056,0.21682049034348055,1.0
4.45e-06,2.0,0.6676186443545048,0.3338093221772524,-0.3338093221772524,0.08216844853593905,0.35,0.12307692307692307,-0.03783155146406095,0.23366652552407666,0.21569217740684002,1.0
4.5e-06,2.0,0.6641685492163338,0.3320842746081669,-0.3320842746081669,0.08174382144201031,0.35,0.12307692307692307,-0.038256178557989684,0.23245899222571684,0.2145775312852771,1.0
4.55e-06,2.0,0.6607596035272194,0.3303798017636097,-0.3303798017636097,0.08132425889565777,0.35,0.12307692307692307,-0.03867574110434223,0.23126586123452678,0.21347617960110166,1.0
4.6e-06,2.0,0.6573907076627161,0.32869535383135806,-0.32869535383135806,0.08090962555848813,0.35,0.12307692307692307,-0.039090374441511866,0.23008674768195062,0.21238776709103135,1.0
4.6499999999999995e-06,2.0,0.6540608115674865,0.32703040578374326,-0.32703040578374326,0.08049979219292142,0.35,0.12307692307692307,-0.03950020780707858,0.22892128404862028,0.21131195450641874,1.0
4.7e-06,2.0,0.6507689116298953,0.3253844558149476,-0.3253844558149476,0.08009463527752557,0.35,0.12307692307692307,-0.039905364722474426,0.22776911907046332,0.2102484176035046,1.0
4.749999999999999e-06,2.0,0.6475140478077205,0.32375702390386024,-0.32375702390386024,0.0796940366532579,0.35,0.12307692307692307,-0.040305963346742094,0.22662991673270216,0.209196846214802,1.0
4.8e-06,2.0,0.6442953009806147,0.32214765049030736,-0.32214765049030736,0.07929788319761412,0.35,0.12307692307692307,-0.040702116802385876,0.22550335534321514,0.20815694339373708,1.0
4.85e-06,2.0,0.6411117905077042,0.3205558952538521,-0.3205558952538521,0.07890606652402513,0.35,0.12307692307692307,-0.04109393347597487,0.22438912667769645,0.20712842462556597,1.0
4.9e-06,2.0,0.6379626719711211,0.31898133598556055,-0.31898133598556055,0.07851848270413798,0.35,0.12307692307692307,-0.04148151729586201,0.22328693518989237,0.20611101709836221,1.0
4.95e-06,2.0,0.6348471350883563,0.31742356754417816,-0.31742356754417816,0.07813503201087461,0.35,0.12307692307692307,-0.04186496798912538,0.2221964972809247,0.2051044590285459,1.0
4.9999999999999996e-06,2.0,0.6317644017781611,0.31588220088908053,-0.31588220088908053,0.07775561868038905,0.35,0.12307692307692307,-0.042244381319610946,0.22111754062235636,0.20410849903602127,1.0
5.05e-06,2.0,0.62871372436634,0.31435686218317,-0.31435686218317,0.07738015069124184,0.35,0.12307692307692307,-0.04261984930875816,0.22004980352821898,0.20312289556450985,1.0
5.0999999999999995e-06,2.0,0.6256943839191911,0.31284719195959554,-0.31284719195959554,0.07700853955928505,0.35,0.12307692307692307,-0.042991460440714946,0.21899303437171685,0.20214741634312328,1.0
5.15e-06,2.0,0.6227056886936071,0.31135284434680355,-0.31135284434680355,0.07664070014690548,0.35,0.12307692307692307,-0.043359299853094516,0.21794699104276247,0.2011818378856269,1.0
5.199999999999999e-06,2.0,0.6197469726939511,0.30987348634697554,-0.30987348634697554,0.07627655048540936,0.35,0.12307692307692307,-0.04372344951459063,0.21691144044288285,0.2002259450241996,1.0
5.25e-06,2.0,0.6168175943268001,0.30840879716340003,-0.30840879716340003,0.07591601160945231,0.35,0.12307692307692307,-0.04408398839054768,0.21588615801438002,0.19927953047481234,1.0
5.3e-06,2.0,0.6139169351455237,0.30695846757276185,-0.30695846757276185,0.075559007402526,0.35,0.12307692307692307,-0.044440992597474,0.2148709273009333,0.19834239443163074,1.0
5.35e-06,2.0,0.6110443986774254,0.3055221993387127,-0.3055221993387127,0.0752054644526062,0.35,0.12307692307692307,-0.04479453554739379,0.2138655395370989,0.19741434418809128,1.0
5.4e-06,2.0,0.6081994093268731,0.30409970466343655,-0.30409970466343655,0.07485531191715361,0.35,0.12307692307692307,-0.045144688082846385,0.21286979326440558,0.19649519378252822,1.0
5.4499999999999995e-06,2.0,0.6053814113484519,0.30269070567422596,-0.30269070567422596,0.07450848139673254,0.35,0.12307692307692307,-0.04549151860326746,0.21188349397195816,0.1955847636664229,1.0
5.5e-06,2.0,0.602589867884719,0.3012949339423595,-0.3012949339423595,0.07416490681658079,0.35,0.12307692307692307,-0.045835093183419204,0.21090645375965164,0.1946828803935246,1.0
5.549999999999999e-06,2.0,0.5998242600636384,0.2999121300318192,-0.2999121300318192,0.07382452431552472,0.35,0.12307692307692307,-0.046175475684475276,0.20993849102227344,0.1937893763282524,1.0
5.6e-06,2.0,0.597084086151203,0.2985420430756015,-0.2985420430756015,0.07348727214168652,0.35,0.12307692307692307,-0.04651272785831348,0.20897943015292103,0.19290408937192713,1.0
5.65e-06,2.0,0.5943688607551552,0.2971844303775776,-0.2971844303775776,0.07315309055448063,0.35,0.12307692307692307,-0.046846909445519364,0.2080291012643043,0.19202686270551167,1.0
5.7e-06,2.0,0.5916781140760671,0.29583905703803354,-0.29583905703803354,0.07282192173243902,0.35,0.12307692307692307,-0.04717807826756097,0.20708733992662345,0.19115754454765244,1.0
5.75e-06,2.0,0.5890113912023637,0.29450569560118184,-0.29450569560118184,0.07249370968644475,0.35,0.12307692307692307,-0.047506290313555244,0.2061539869208273,0.1902959879269175,1.0
5.7999999999999995e-06,2.0,0.5863682514461613,0.29318412572308067,-0.29318412572308067,0.07216840017798909,0.35,0.12307692307692307,-0.047831599822010906,0.20522888800615646,0.18944205046722135,1.0
5.85e-06,2.0,0.5837482677170526,0.2918741338585263,-0.2918741338585263,0.07184594064209877,0.35,0.12307692307692307,-0.04815405935790122,0.2043118937009684,0.1885955941855093,1.0
5.899999999999999e-06,2.0,0.5811510259312077,0.29057551296560385,-0.29057551296560385,0.07152628011461018,0.35,0.12307692307692307,-0.048473719885389815,0.20340285907592268,0.18775648530085173,1.0
5.95e-06,2.0,0.5785761244533736,0.2892880622266868,-0.2892880622266868,0.07120936916349213,0.35,0.12307692307692307,-0.048790630836507864,0.20250164355868075,0.18692459405416684,1.0
6e-06,2.0,0.5760231735695476,0.2880115867847738,-0.2880115867847738,0.07089515982394431,0.35,0.12307692307692307,-0.04910484017605568,0.20160811074934165,0.18609979453785383,1.0
6.05e-06,2.0,0.5734917949882795,0.28674589749413976,-0.28674589749413976,0.070583605537019,0.35,0.12307692307692307,-0.04941639446298099,0.20072212824589783,0.1852819645346749,1.0
6.1e-06,2.0,0.570981621368711,0.2854908106843555,-0.2854908106843555,0.07027466109153366,0.35,0.12307692307692307,-0.04972533890846634,0.19984356747904883,0.18447098536527587,1.0
6.1499999999999996e-06,2.0,0.5684922958736157,0.28424614793680786,-0.28424614793680786,0.06996828256906039,0.35,0.12307692307692307,-0.05003171743093961,0.19897230355576548,0.18366674174378356,1.0
6.2e-06,2.0,0.5660234717458278,0.2830117358729139,-0.2830117358729139,0.06966442729179419,0.35,0.12307692307692307,-0.05033557270820581,0.1981082151110397,0.18286912164095975,1.0
6.2499999999999995e-06,2.0,0.5635748119065752,0.2817874059532876,-0.2817874059532876,0.06936305377311694,0.35,0.12307692307692307,-0.050636946226883056,0.1972511841673013,0.18207801615443198,1.0
6.3e-06,2.0,0.5611459885743375,0.28057299428716875,-0.28057299428716875,0.06906412167068769,0.35,0.12307692307692307,-0.050935878329312304,0.19640109600101813,0.1812933193855552,1.0
6.349999999999999e-06,2.0,0.5587366829029583,0.27936834145147915,-0.27936834145147915,0.06876759174190256,0.35,0.12307692307692307,-0.05123240825809744,0.1955578390160354,0.18051492832249422,1.0
6.4e-06,2.0,0.5563465846378256,0.2781732923189128,-0.2781732923189128,0.06847342580157853,0.35,0.12307692307692307,-0.051526574198421465,0.19472130462323894,0.17974274272914365,1.0
6.45e-06,2.0,0.5539753917890278,0.2769876958945139,-0.2769876958945139,0.0681815866817265,0.35,0.12307692307692307,-0.0518184133182735,0.19389138712615972,0.17897666503953205,1.0
6.5e-06,2.0,0.5516228103204631,0.27581140516023156,-0.27581140516023156,0.06789203819328776,0.35,0.12307692307692307,-0.05210796180671223,0.19306798361216207,0.1782166002573804,1.0
6.55e-06,2.0,0.5492885538539579,0.27464427692697896,-0.27464427692697896,0.0676047450897179,0.35,0.12307692307692307,-0.0523952549102821,0.19225099384888525,0.1774624558605095,1.0
6.5999999999999995e-06,2.0,0.5469723433875122,0.2734861716937561,-0.2734861716937561,0.0673196730323092,0.35,0.12307692307692307,-0.0526803269676908,0.19144032018562926,0.17671414170981165,1.0
6.65e-06,2.0,0.5446739070268521,0.27233695351342607,-0.27233695351342607,0.06703678855715103,0.35,0.12307692307692307,-0.05296321144284896,0.19063586745939823,0.17597156996252147,1.0
6.699999999999999e-06,2.0,0.5423929797295244,0.2711964898647622,-0.2711964898647622,0.06675605904363377,0.35,0.12307692307692307,-0.053243940956366226,0.18983754290533353,0.17523465498953866,1.0
6.75e-06,2.0,0.540129303060822,0.270064651530411,-0.270064651530411,0.06647745268440886,0.35,0.12307692307692307,-0.05352254731559114,0.18904525607128767,0.17450331329657326,1.0
6.799999999999999e-06,2.0,0.537882624960874,0.268941312480437,-0.268941312480437,0.06620093845672295,0.35,0.12307692307692307,-0.053799061543277044,0.1882589187363059,0.17377746344889777,1.0
6.85e-06,2.0,0.5356526995222791,0.26782634976113956,-0.26782634976113956,0.06592648609504974,0.35,0.12307692307692307,-0.05407351390495026,0.18747844483279769,0.17305702599950556,1.0
6.9e-06,2.0,0.5334392867777006,0.2667196433888503,-0.2667196433888503,0.06565406606494777,0.35,0.12307692307692307,-0.05434593393505223,0.1867037503721952,0.17234192342048787,1.0
6.9499999999999995e-06,2.0,0.5312421524968847,0.26562107624844233,-0.26562107624844233,0.06538364953807811,0.35,0.12307692307692307,-0.054616350461921884,0.18593475337390963,0.17163208003745506,1.0
7e-06,2.0,0.5290610679925859,0.26453053399629295,-0.26453053399629295,0.06511520836831826,0.35,0.12307692307692307,-0.05488479163168174,0.18517137379740506,0.17092742196683544,1.0
7.049999999999999e-06,2.0,0.5268958099349312,0.2634479049674656,-0.2634479049674656,0.06484871506891461,0.35,0.12307692307692307,-0.055151284931085384,0.18441353347722592,0.17022787705590087,1.0
7.1e-06,2.0,0.5247461601737715,0.26237308008688576,-0.26237308008688576,0.06458414279061803,0.35,0.12307692307692307,-0.05541585720938197,0.18366115606082,0.16953337482537234,1.0
7.149999999999999e-06,2.0,0.5226119055686044,0.2613059527843022,-0.2613059527843022,0.06432146530075131,0.35,0.12307692307692307,-0.05567853469924869,0.18291416694901153,0.1688438464144722,1.0
7.2e-06,2.0,0.5204928378256756,0.2602464189128378,-0.2602464189128378,0.06406065696316007,0.35,0.12307692307692307,-0.05593934303683992,0.18217249323898643,0.16815922452829518,1.0
7.25e-06,2.0,0.5183887533418878,0.2591943766709439,-0.2591943766709439,0.06380169271900157,0.35,0.12307692307692307,-0.05619830728099842,0.18143606366966072,0.16747944338737913,1.0
7.2999999999999996e-06,2.0,0.5162994530551747,0.25814972652758733,-0.25814972652758733,0.06354454806832918,0.35,0.12307692307692307,-0.056455451931670814,0.18070480856931112,0.16680443867936412,1.0
7.35e-06,2.0,0.5142247423010095,0.2571123711505047,-0.2571123711505047,0.06328919905243192,0.35,0.12307692307692307,-0.05671080094756807,0.1799786598053533,0.16613414751263383,1.0
7.3999999999999995e-06,2.0,0.5121644306747455,0.25608221533737274,-0.25608221533737274,0.06303562223689174,0.35,0.12307692307692307,-0.056964377763108254,0.1792575507361609,0.16546850837184085,1.0
7.45e-06,2.0,0.5101183318994987,0.25505916594974937,-0.25505916594974937,0.06278379469532291,0.35,0.12307692307692307,-0.05721620530467708,0.17854141616482455,0.16480746107522265,1.0
7.499999999999999e-06,2.0,0.5080862636993001,0.25404313184965005,-0.25404313184965005,0.06253369399376,0.35,0.12307692307692307,-0.05746630600623999,0.17783019229475502,0.16415094673362002,1.0
7.55e-06,2.0,0.5060680476772614,0.2530340238386307,-0.2530340238386307,0.062285298175662945,0.35,0.12307692307692307,-0.05771470182433705,0.1771238166870415,0.16349890771111525,1.0
7.6e-06,2.0,0.5040635091985166,0.2520317545992583,-0.2520317545992583,0.062038585747509735,0.35,0.12307692307692307,-0.05796141425249026,0.1764222282194808,0.16285128758721307,1.0
7.65e-06,2.0,0.5020724772777052,0.2510362386388526,-0.2510362386388526,0.06179353566494833,0.35,0.12307692307692307,-0.058206464335051666,0.17572536704719682,0.16220803112048937,1.0
7.699999999999999e-06,2.0,0.5000947844707876,0.2500473922353938,-0.2500473922353938,0.06155012731948155,0.35,0.12307692307692307,-0.05844987268051845,0.17503317456477566,0.16156908421363908,1.0
7.75e-06,2.0,0.4981302667709877,0.24906513338549385,-0.24906513338549385,0.061308340525660025,0.35,0.12307692307692307,-0.05869165947433997,0.17434559336984568,0.16093439387985758,1.0
7.8e-06,2.0,0.49617876350866963,0.24808938175433481,-0.24808938175433481,0.06106815550875933,0.35,0.12307692307692307,-0.05893184449124066,0.17366256722803436,0.16030390821049326,1.0
7.85e-06,2.0,0.4942401172549698,0.2471200586274849,-0.2471200586274849,0.06082955289291936,0.35,0.12307692307692307,-0.05917044710708064,0.17298404103923942,0.15967757634391333,1.0
7.899999999999999e-06,2.0,0.4923141737290111,0.24615708686450555,-0.24615708686450555,0.06059251368972444,0.35,0.12307692307692307,-0.05940748631027556,0.17230996080515387,0.15905534843552666,1.0
7.95e-06,2.0,0.4904007817085365,0.24520039085426826,-0.24520039085426826,0.060357019287204494,0.35,0.12307692307692307,-0.0596429807127955,0.17164027359798778,0.1584371756289118,1.0
8e-06,2.0,0.488499792943811,0.2442498964719055,-0.2442498964719055,0.060123051439238274,0.35,0.12307692307692307,-0.05987694856076172,0.17097492753033386,0.15782301002800048,1.0
8.05e-06,2.0,0.48661106207464316,0.24330553103732158,-0.24330553103732158,0.05989059225534069,0.35,0.12307692307692307,-0.0601094077446593,0.1703138717261251,0.15721280467026932,1.0
8.1e-06,2.0,0.4847344465503902,0.2423672232751951,-0.2423672232751951,0.05965962419081725,0.35,0.12307692307692307,-0.06034037580918274,0.16965705629263655,0.1566065135008953,1.0
8.15e-06,2.0,0.48286980655281686,0.24143490327640843,-0.24143490327640843,0.05943013003726976,0.35,0.12307692307692307,-0.060569869962730234,0.16900443229348588,0.15600409134783313,1.0
8.2e-06,2.0,0.48101700492168065,0.24050850246084032,-0.24050850246084032,0.059202092913437615,0.35,0.12307692307692307,-0.06079790708656238,0.16835595172258822,0.15540549389777375,1.0
8.249999999999999e-06,2.0,0.47917590708293,0.239587953541465,-0.239587953541465,0.058975496256360616,0.35,0.12307692307692307,-0.06102450374363938,0.1677115674790255,0.15481067767294662,1.0
8.3e-06,2.0,0.4773463809794006,0.2386731904897003,-0.2386731904897003,0.058750323812849295,0.35,0.12307692307692307,-0.0612496761871507,0.1670712333427902,0.15421960000872942,1.0
8.35e-06,2.0,0.47552829700390503,0.23776414850195252,-0.23776414850195252,0.05852655963124985,0.35,0.12307692307692307,-0.061473440368750146,0.16643490395136676,0.15363221903203086,1.0
8.4e-06,2.0,0.4737215279346153,0.23686076396730765,-0.23686076396730765,0.058304188053491114,0.35,0.12307692307692307,-0.06169581194650888,0.16580253477711535,0.15304849364041417,1.0
8.45e-06,2.0,0.47192594887264167,0.23596297443632083,-0.23596297443632083,0.058083193707402045,0.35,0.12307692307692307,-0.06191680629259795,0.16517408210542459,0.15246838348193037,1.0
8.5e-06,2.0,0.4701414371817172,0.2350707185908586,-0.2350707185908586,0.057863561499288264,0.35,0.12307692307692307,-0.06213643850071173,0.164549503013601,0.1518918489356317,1.0
8.55e-06,2.0,0.46836787242990113,0.23418393621495057,-0.23418393621495057,0.05764527660675706,0.35,0.12307692307692307,-0.06235472339324294,0.1639287553504654,0.1513188510927373,1.0
8.599999999999999e-06,2.0,0.46660513633321954,0.23330256816660977,-0.23330256816660977,0.05742832447178086,0.35,0.12307692307692307,-0.06257167552821913,0.16331179771662682,0.15074935173842477,1.0
8.65e-06,2.0,0.4648531127011638,0.2324265563505819,-0.2324265563505819,0.05721269079398939,0.35,0.12307692307692307,-0.06278730920601061,0.16269858944540733,0.15018331333422216,1.0
8.7e-06,2.0,0.4631116873839719,0.23155584369198595,-0.23155584369198595,0.056998361524181154,0.35,0.12307692307692307,-0.06300163847581884,0.16208909058439017,0.14962069900097552,1.0
8.75e-06,2.0,0.4613807482216234,0.2306903741108117,-0.2306903741108117,0.05678532285804595,0.35,0.12307692307692307,-0.06321467714195404,0.16148326187756817,0.14906147250237062,1.0
8.8e-06,2.0,0.4596601849944773,0.22983009249723865,-0.22983009249723865,0.05657356123008951,0.35,0.12307692307692307,-0.06342643876991048,0.16088106474806704,0.14850559822898496,1.0
8.85e-06,2.0,0.4579498893754912,0.2289749446877456,-0.2289749446877456,0.05636306330775276,0.35,0.12307692307692307,-0.06363693669224724,0.1602824612814219,0.14795304118285102,1.0
8.9e-06,2.0,0.45624975488395714,0.22812487744197857,-0.22812487744197857,0.056153815985717795,0.35,0.12307692307692307,-0.0638461840142822,0.15968741420938498,0.14740376696250923,1.0
8.949999999999999e-06,2.0,0.4545596768406982,0.2272798384203491,-0.2272798384203491,0.05594580638039362,0.35,0.12307692307692307,-0.06405419361960638,0.15909588689424436,0.14685774174853328,1.0
9e-06,2.0,0.4528795523246669,0.22643977616233346,-0.22643977616233346,0.05573902182457439,0.35,0.12307692307692307,-0.06426097817542561,0.1585078433136334,0.1463149322895078,1.0
9.05e-06,2.0,0.4512092801308942,0.2256046400654471,-0.2256046400654471,0.0555334498622639,0.35,0.12307692307692307,-0.0644665501377361,0.15792324804581295,0.14577530588844273,1.0
9.1e-06,2.0,0.44954876072973576,0.22477438036486788,-0.22477438036486788,0.055329078243659784,0.35,0.12307692307692307,-0.0646709217563402,0.1573420662554075,0.14523883038960694,1.0
9.149999999999999e-06,2.0,0.4478978962273688,0.2239489481136844,-0.2239489481136844,0.05512589492029154,0.35,0.12307692307692307,-0.06487410507970845,0.15676426367957907,0.14470547416576532,1.0
9.2e-06,2.0,0.4462565903274908,0.2231282951637454,-0.2231282951637454,0.05492388804030656,0.35,0.12307692307692307,-0.06507611195969343,0.15618980661462178,0.14417520610580473,1.0
9.25e-06,2.0,0.44462474829417675,0.22231237414708838,-0.22231237414708838,0.05472304594389867,0.35,0.12307692307692307,-0.06527695405610132,0.15561866190296186,0.14364799560273403,1.0
9.299999999999999e-06,2.0,0.44300227691585087,0.22150113845792543,-0.22150113845792543,0.05452335715887395,0.35,0.12307692307692307,-0.06547664284112605,0.1550507969205478,0.14312381254204415,1.0
9.35e-06,2.0,0.44138908447033387,0.22069454223516694,-0.22069454223516694,0.05432481039634878,0.35,0.12307692307692307,-0.06567518960365121,0.15448617956461685,0.14260262729041556,1.0
9.4e-06,2.0,0.43978508069092526,0.21989254034546263,-0.21989254034546263,0.05412739454657541,0.35,0.12307692307692307,-0.06587260545342458,0.15392477824182382,0.14208441068476046,1.0
9.45e-06,2.0,0.43819017673348215,0.21909508836674108,-0.21909508836674108,0.053931098674890106,0.35,0.12307692307692307,-0.0660689013251099,0.15336656185671874,0.14156913402158655,1.0
9.499999999999999e-06,2.0,0.43660428514446264,0.21830214257223132,-0.21830214257223132,0.05373591201778002,0.35,0.12307692307692307,-0.06626408798221997,0.1528114998005619,0.14105676904667255,1.0
9.55e-06,2.0,0.43502731982989445,0.21751365991494723,-0.21751365991494723,0.05354182397906393,0.35,0.12307692307692307,-0.06645817602093607,0.15225956194046306,0.14054728794504284,1.0
9.6e-06,2.0,0.4334591960252403,0.21672959801262015,-0.21672959801262015,0.05334882412618342,0.35,0.12307692307692307,-0.06665117587381658,0.1517107186088341,0.1400406633312315,1.0
9.649999999999999e-06,2.0,0.4318998302661256,0.2159499151330628,-0.2159499151330628,0.053156902186600075,0.35,0.12307692307692307,-0.06684309781339992,0.15116494059314395,0.1395368682398252,1.0
9.7e-06,2.0,0.4303491403598995,0.21517457017994976,-0.21517457017994976,0.05296604804429532,0.35,0.12307692307692307,-0.06703395195570468,0.15062219912596483,0.13903587611627521,1.0
9.75e-06,2.0,0.4288070453580009,0.21440352267900045,-0.21440352267900045,0.05277625173636934,0.35,0.12307692307692307,-0.06722374826363066,0.1500824658753003,0.13853766080796953,1.0
9.8e-06,2.0,0.4272734655290994,0.2136367327645497,-0.2136367327645497,0.052587503449735305,0.35,0.12307692307692307,-0.06741249655026468,0.1495457129351848,0.1380421965555552,1.0
9.849999999999999e-06,2.0,0.4257483223329881,0.21287416116649405,-0.21287416116649405,0.052399793517906225,0.35,0.12307692307692307,-0.06760020648209378,0.14901191281654583,0.13754945798450385,1.0
9.9e-06,2.0,0.42423153839519884,0.21211576919759942,-0.21211576919759942,0.052213112417870626,0.35,0.12307692307692307,-0.06778688758212936,0.14848103843831958,0.1370594200969104,1.0
9.95e-06,2.0,0.422723037482318,0.211361518741159,-0.211361518741159,0.05202745076705452,0.35,0.12307692307692307,-0.06797254923294548,0.1479530631188113,0.13657205826351812,1.0
9.999999999999999e-06,2.0,0.42122274447797853,0.21061137223898926,-0.21061137223898926,0.05184279932036658,0.35,0.12307692307692307,-0.0681572006796334,0.1474279605672925,0.1360873482159623,1.0
1.005e-05,2.0,0.41973058535950547,0.20986529267975274,-0.20986529267975274,0.051659148967323744,0.35,0.12307692307692307,-0.06834085103267626,0.1469057048758269,0.13560526603922485,1.0
1.01e-05,2.0,0.41824648717519336,0.20912324358759668,-0.20912324358759668,0.051476490729254566,0.35,0.12307692307692307,-0.06852350927074544,0.14638627051131767,0.13512578816429324,1.0
1.015e-05,2.0,0.4167703780221941,0.20838518901109704,-0.20838518901109704,0.05129481575657773,0.35,0.12307692307692307,-0.06870518424342226,0.14586963230776792,0.13464889136101654,1.0
1.0199999999999999e-05,2.0,0.41530218702499644,0.20765109351249822,-0.20765109351249822,0.051114115326153405,0.35,0.12307692307692307,-0.0688858846738466,0.14535576545874873,0.1341745527311527,1.0
1.025e-05,2.0,0.4138418443144766,0.2069209221572383,-0.2069209221572383,0.050934380838704815,0.35,0.12307692307692307,-0.06906561916129518,0.14484464551006682,0.13370274970160015,1.0
1.03e-05,2.0,0.41238928100750233,0.20619464050375116,-0.20619464050375116,0.050755603816307976,0.35,0.12307692307692307,-0.06924439618369202,0.14433624835262582,0.13323346001780845,1.0
1.035e-05,2.0,0.41094442918707175,0.20547221459353587,-0.20547221459353587,0.05057777589994729,0.35,0.12307692307692307,-0.0694222241000527,0.1438305502154751,0.13276666173736162,1.0
1.0399999999999999e-05,2.0,0.4095072218829705,0.20475361094148525,-0.20475361094148525,0.050400888847134825,0.35,0.12307692307692307,-0.06959911115286517,0.14332752765903967,0.13230233322372892,1.0
1.045e-05,2.0,0.4080775930529305,0.20403879652646525,-0.20403879652646525,0.050224934529591446,0.35,0.12307692307692307,-0.06977506547040854,0.14282715756852568,0.13184045314017756,1.0
1.05e-05,2.0,0.4066554775642747,0.20332773878213736,-0.20332773878213736,0.050049904930987654,0.35,0.12307692307692307,-0.06995009506901234,0.14232941714749614,0.1313810004438426,1.0
1.0549999999999999e-05,2.0,0.4052408111760311,0.20262040558801556,-0.20262040558801556,0.04987579214474229,0.35,0.12307692307692307,-0.0701242078552577,0.14183428391161088,0.13092395437994853,1.0
1.06e-05,2.0,0.4038335305215039,0.20191676526075195,-0.20191676526075195,0.049702588371877396,0.35,0.12307692307692307,-0.0702974116281226,0.14134173568252636,0.13046929447617817,1.0
1.065e-05,2.0,0.40243357309128497,0.20121678654564248,-0.20121678654564248,0.04953028591892738,0.35,0.12307692307692307,-0.07046971408107261,0.14085175058194974,0.13001700053718437,1.0
1.07e-05,2.0,0.4010408772166936,0.2005204386083468,-0.2005204386083468,0.04935887719590075,0.35,0.12307692307692307,-0.07064112280409925,0.14036430702584277,0.12956705263923948,1.0
1.0749999999999999e-05,2.0,0.39965538205363094,0.19982769102681547,-0.19982769102681547,0.04918835471429304,0.35,0.12307692307692307,-0.07081164528570696,0.13987938371877082,0.12911943112501922,1.0
1.08e-05,2.0,0.3982770275668362,0.1991385137834181,-0.1991385137834181,0.04901871108514907,0.35,0.12307692307692307,-0.07098128891485092,0.13939695964839266,0.12867411659851632,1.0
1.085e-05,2.0,0.39690575451453286,0.19845287725726643,-0.19845287725726643,0.04884993901717327,0.35,0.12307692307692307,-0.07115006098282672,0.1389170140800865,0.12823108992007987,1.0
1.0899999999999999e-05,2.0,0.3955415044334523,0.19777075221672616,-0.19777075221672616,0.04868203131488644,0.35,0.12307692307692307,-0.07131796868511356,0.1384395265517083,0.1277903322015769,1.0
1.095e-05,2.0,0.39418421962422434,0.19709210981211217,-0.19709210981211217,0.04851498087682761,0.35,0.12307692307692307,-0.07148501912317239,0.13796447686847851,0.12735182480167248,1.0
1.1e-05,2.0,0.3928338431371237,0.19641692156856186,-0.19641692156856186,0.04834878069379984,0.35,0.12307692307692307,-0.07165121930620016,0.13749184509799328,0.1269155493212246,1.0
1.105e-05,2.0,0.3914903187581606,0.1957451593790803,-0.1957451593790803,0.04818342384715822,0.35,0.12307692307692307,-0.07181657615284177,0.1370216115653562,0.12648148759879035,1.0
1.1099999999999999e-05,2.0,0.3901535909955071,0.19507679549775356,-0.19507679549775356,0.04801890350713933,0.35,0.12307692307692307,-0.07198109649286066,0.1365537568484275,0.12604962170624076,1.0
1.115e-05,2.0,0.38882360506624764,0.19441180253312382,-0.19441180253312382,0.047855212931230476,0.35,0.12307692307692307,-0.07214478706876952,0.13608826177318667,0.12561993394448,1.0
1.12e-05,2.0,0.38750030688344556,0.19375015344172278,-0.19375015344172278,0.04769234546257791,0.35,0.12307692307692307,-0.07230765453742208,0.13562510740920594,0.12519240683926702,1.0
1.1249999999999999e-05,2.0,0.38618364304351555,0.19309182152175777,-0.19309182152175777,0.04753029452843268,0.35,0.12307692307692307,-0.07246970547156731,0.13516427506523043,0.12476702313713581,1.0
1.13e-05,2.0,0.3848735608138936,0.1924367804069468,-0.1924367804069468,0.04736905363863306,0.35,0.12307692307692307,-0.07263094636136694,0.13470574628486276,0.12434376580141179,1.0
1.135e-05,2.0,0.3835700081209962,0.1917850040604981,-0.1917850040604981,0.047208616384122604,0.35,0.12307692307692307,-0.07279138361587739,0.13424950284234866,0.12392261800832184,1.0
1.14e-05,2.0,0.38227293353845854,0.19113646676922927,-0.19113646676922927,0.047048976435502585,0.35,0.12307692307692307,-0.07295102356449741,0.13379552673846049,0.1235035631431943,1.0
1.1449999999999999e-05,2.0,0.38098228627564795,0.19049114313782398,-0.19049114313782398,0.046890127541618205,0.35,0.12307692307692307,-0.0731098724583818,0.13334380019647676,0.1230865847967478,1.0
1.15e-05,2.0,0.37969801616643906,0.18984900808321953,-0.18984900808321953,0.04673206352817711,0.35,0.12307692307692307,-0.07326793647182289,0.13289430565825366,0.12267166676146493,1.0
1.155e-05,2.0,0.3784200736582494,0.1892100368291247,-0.1892100368291247,0.04657477829639993,0.35,0.12307692307692307,-0.07342522170360007,0.13244702578038728,0.12225879302804982,1.0
1.1599999999999999e-05,2.0,0.37714840980132236,0.18857420490066118,-0.18857420490066118,0.046418265821701214,0.35,0.12307692307692307,-0.07358173417829877,0.13200194343046281,0.1218479477819657,1.0
1.165e-05,2.0,0.3758829762382552,0.1879414881191276,-0.1879414881191276,0.046262520152400635,0.35,0.12307692307692307,-0.07373747984759936,0.1315590416833893,0.12143911540005167,1.0
1.17e-05,2.0,0.37462372519376286,0.18731186259688143,-0.18731186259688143,0.046107535408463116,0.35,0.12307692307692307,-0.07389246459153688,0.131118303817817,0.12103228044721569,1.0
1.175e-05,2.0,0.3733706094646717,0.18668530473233585,-0.18668530473233585,0.04595330578026729,0.35,0.12307692307692307,-0.0740466942197327,0.1306797133126351,0.12062742767320164,1.0
1.1799999999999999e-05,2.0,0.3721235824101361,0.18606179120506805,-0.18606179120506805,0.04579982552740136,0.35,0.12307692307692307,-0.07420017447259863,0.13024325384354762,0.12022454200942859,1.0
1.185e-05,2.0,0.3708825979420745,0.18544129897103726,-0.18544129897103726,0.045647088977486094,0.35,0.12307692307692307,-0.0743529110225139,0.12980890927972608,0.119823608565901,1.0
1.19e-05,2.0,0.3696476105158143,0.18482380525790715,-0.18482380525790715,0.0454950905250233,0.35,0.12307692307692307,-0.0745049094749767,0.129376663680535,0.11942461262818616,1.0
1.1949999999999999e-05,2.0,0.36841857512094467,0.18420928756047233,-0.18420928756047233,0.04534382463027011,0.35,0.12307692307692307,-0.07465617536972988,0.12894650129233062,0.11902753965445906,1.0
1.2e-05,2.0,0.3671954472723689,0.18359772363618446,-0.18359772363618446,0.04519328581813771,0.35,0.12307692307692307,-0.07480671418186229,0.12851840654532912,0.1186323752726115,1.0
1.205e-05,2.0,0.3659781830015515,0.18298909150077575,-0.18298909150077575,0.04504346867711403,0.35,0.12307692307692307,-0.07495653132288596,0.12809236405054303,0.11823910527742432,1.0
1.21e-05,2.0,0.3647667388479551,0.18238336942397754,-0.18238336942397754,0.044894367858209855,0.35,0.12307692307692307,-0.07510563214179014,0.12766835859678427,0.11784771562780087,1.0
1.2149999999999999e-05,2.0,0.36356107185066233,0.18178053592533117,-0.18178053592533117,0.04474597807392767,0.35,0.12307692307692307,-0.07525402192607233,0.12724637514773182,0.11745819244406014,1.0
1.22e-05,2.0,0.36236113954017707,0.18118056977008853,-0.18118056977008853,0.04459829409725256,0.35,0.12307692307692307,-0.07540170590274745,0.12682639883906197,0.11707052200528797,1.0
1.225e-05,2.0,0.3611668999304014,0.1805834499652007,-0.1805834499652007,0.04445131076066479,0.35,0.12307692307692307,-0.0755486892393352,0.12640841497564048,0.11668469074674508,1.0
1.2299999999999999e-05,2.0,0.3599783115107821,0.17998915575539104,-0.17998915575539104,0.044305022955173176,0.35,0.12307692307692307,-0.07569497704482682,0.12599240902877373,0.11630068525732959,1.0
1.2349999999999999e-05,2.0,0.3587953332386237,0.17939766661931186,-0.17939766661931186,0.04415942562936907,0.35,0.12307692307692307,-0.07584057437063092,0.1255783666335183,0.11591849227709382,1.0
1.24e-05,2.0,0.35761792453156427,0.17880896226578213,-0.17880896226578213,0.044014513788500215,0.35,0.12307692307692307,-0.07598548621149978,0.12516627358604748,0.11553809869481307,1.0
1.245e-05,2.0,0.3564460452602069,0.17822302263010345,-0.17822302263010345,0.04387028249356392,0.35,0.12307692307692307,-0.07612971750643607,0.1247561158410724,0.1151594915456053,1.0
1.2499999999999999e-05,2.0,0.3552796557409061,0.17763982787045304,-0.17763982787045304,0.04372672686041921,0.35,0.12307692307692307,-0.0762732731395808,0.12434787950931712,0.11478265800860044,1.0
1.255e-05,2.0,0.3541187167287033,0.17705935836435166,-0.17705935836435166,0.04358384205891733,0.35,0.12307692307692307,-0.07641615794108267,0.12394155085504616,0.114407585404658,1.0
1.26e-05,2.0,0.35296318941040894,0.17648159470520447,-0.17648159470520447,0.04344162331205033,0.35,0.12307692307692307,-0.07655837668794967,0.12353711629364313,0.11403426119413212,1.0
1.265e-05,2.0,0.3518130353978252,0.1759065176989126,-0.1759065176989126,0.043300065895116945,0.35,0.12307692307692307,-0.07669993410488304,0.12313456238923881,0.113662672974682,1.0
1.2699999999999999e-05,2.0,0.3506682167211089,0.17533410836055446,-0.17533410836055446,0.04315916513490571,0.35,0.12307692307692307,-0.07684083486509428,0.12273387585238811,0.1132928084791275,1.0
1.275e-05,2.0,0.3495286958222683,0.17476434791113415,-0.17476434791113415,0.04301891640889456,0.35,0.12307692307692307,-0.07698108359110543,0.1223350435377939,0.11292465557334823,1.0
1.28e-05,2.0,0.34839443554879274,0.17419721777439637,-0.17419721777439637,0.042879315144466794,0.35,0.12307692307692307,-0.0771206848555332,0.12193805244207745,0.11255820225422533,1.0
1.2849999999999999e-05,2.0,0.3472653991474095,0.17363269957370475,-0.17363269957370475,0.04274035681814271,0.35,0.12307692307692307,-0.0772596431818573,0.12154288970159331,0.1121934366476246,1.0
1.29e-05,2.0,0.34614155025796683,0.17307077512898342,-0.17307077512898342,0.042602036954826686,0.35,0.12307692307692307,-0.07739796304517331,0.12114954259028839,0.11183034700642006,1.0
1.295e-05,2.0,0.3450228529074392,0.1725114264537196,-0.1725114264537196,0.04246435112706944,0.35,0.12307692307692307,-0.07753564887293055,0.12075799851760372,0.1114689217085573,1.0
1.3e-05,2.0,0.343909271504051,0.1719546357520255,-0.1719546357520255,0.04232729495434474,0.35,0.12307692307692307,-0.07767270504565527,0.12036824502641784,0.11110914925515494,1.0
1.3049999999999999e-05,2.0,0.3428007708315173,0.17140038541575864,-0.17140038541575864,0.04219086410234058,0.35,0.12307692307692307,-0.07780913589765942,0.11998026979103103,0.11075101826864403,1.0
1.31e-05,2.0,0.34169731604339776,0.17084865802169888,-0.17084865802169888,0.04205505428226434,0.35,0.12307692307692307,-0.07794494571773566,0.11959406061518921,0.1103945174909439,1.0
1.315e-05,2.0,0.3405988726575618,0.1702994363287809,-0.1702994363287809,0.04191986125016145,0.35,0.12307692307692307,-0.07808013874983855,0.11920960543014661,0.1100396357816738,1.0
1.3199999999999999e-05,2.0,0.33950540655076017,0.16975270327538008,-0.16975270327538008,0.0417852808062474,0.35,0.12307692307692307,-0.07821471919375259,0.11882689229276605,0.10968636211639943,1.0
1.325e-05,2.0,0.3384168839533048,0.1692084419766524,-0.1692084419766524,0.0416513087942529,0.35,0.12307692307692307,-0.0783486912057471,0.11844590938365668,0.10933468558491387,1.0
1.33e-05,2.0,0.3373332714438491,0.16866663572192456,-0.16866663572192456,0.04151794110078143,0.35,0.12307692307692307,-0.07848205889921857,0.11806664500534718,0.10898459538955126,1.0
1.335e-05,2.0,0.3362545359442699,0.16812726797213495,-0.16812726797213495,0.04138517365467937,0.35,0.12307692307692307,-0.07861482634532063,0.11768908758049446,0.10863608084353335,1.0
1.3399999999999999e-05,2.0,0.3351806447146477,0.16759032235732385,-0.16759032235732385,0.041253002426418175,0.35,0.12307692307692307,-0.07874699757358182,0.11731322565012668,0.10828913136934772,1.0
1.345e-05,2.0,0.33411156534834224,0.16705578267417112,-0.16705578267417112,0.04112142342748827,0.35,0.12307692307692307,-0.07887857657251172,0.11693904787191978,0.10794373649715672,1.0
1.35e-05,2.0,0.33304726576716215,0.16652363288358107,-0.16652363288358107,0.04099043270980457,0.35,0.12307692307692307,-0.07900956729019543,0.11656654301850675,0.107599885863237,1.0
1.3549999999999999e-05,2.0,0.3319877142166255,0.16599385710831274,-0.16599385710831274,0.040860026365123134,0.35,0.12307692307692307,-0.07913997363487686,0.11619569997581891,0.10725756920844823,1.0
1.3599999999999999e-05,2.0,0.33093287926131015,0.16546643963065508,-0.16546643963065508,0.04073020052446894,0.35,0.12307692307692307,-0.07926979947553106,0.11582650774145854,0.10691677637673097,1.0
1.365e-05,2.0,0.3298827297802914,0.1649413648901457,-0.1649413648901457,0.04060095135757432,0.35,0.12307692307692307,-0.07939904864242567,0.11545895542310197,0.10657749731363259,1.0
1.37e-05,2.0,0.32883723496266404,0.16441861748133202,-0.16441861748133202,0.04047227507232788,0.35,0.12307692307692307,-0.07952772492767211,0.1150930322369324,0.1062397220648607,1.0
1.3749999999999999e-05,2.0,0.32779636430314885,0.16389818215157442,-0.16389818215157442,0.0403441679142337,0.35,0.12307692307692307,-0.07965583208576629,0.1147287275061021,0.10590344077486348,1.0
1.38e-05,2.0,0.32676008759777925,0.16338004379888962,-0.16338004379888962,0.04021662616588052,0.35,0.12307692307692307,-0.07978337383411947,0.11436603065922273,0.10556864368543638,1.0
1.385e-05,2.0,0.3257283749396686,0.1628641874698343,-0.1628641874698343,0.04008964614642075,0.35,0.12307692307692307,-0.07991035385357925,0.114004931228884,0.10523532113435446,1.0
1.3899999999999999e-05,2.0,0.32470119671485476,0.16235059835742738,-0.16235059835742738,0.039963224211059044,0.35,0.12307692307692307,-0.08003677578894094,0.11364541885019916,0.10490346355402999,1.0
1.3949999999999999e-05,2.0,0.32367852359822025,0.16183926179911012,-0.16183926179911012,0.03983735675055018,0.35,0.12307692307692307,-0.08016264324944981,0.11328748325937708,0.10457306147019424,1.0
1.4e-05,2.0,0.3226603265494868,0.1613301632747434,-0.1613301632747434,0.039712040190706066,0.35,0.12307692307692307,-0.08028795980929393,0.11293111429232036,0.10424410550060342,1.0
1.405e-05,2.0,0.32164657680928405,0.16082328840464202,-0.16082328840464202,0.03958727099191188,0.35,0.12307692307692307,-0.08041272900808812,0.11257630188324941,0.10391658635376869,1.0
1.4099999999999999e-05,2.0,0.32063724589528614,0.16031862294764307,-0.16031862294764307,0.0394630456486506,0.35,0.12307692307692307,-0.08053695435134939,0.11222303606335014,0.10359049482770782,1.0
1.415e-05,2.0,0.3196323055984203,0.15981615279921016,-0.15981615279921016,0.039339360689036346,0.35,0.12307692307692307,-0.08066063931096365,0.11187130695944711,0.10326582180872042,1.0
1.42e-05,2.0,0.3186317279791436,0.1593158639895718,-0.1593158639895718,0.03921621267435613,0.35,0.12307692307692307,-0.08078378732564387,0.11152110479270025,0.10294255827018485,1.0
1.4249999999999999e-05,2.0,0.3176354853637829,0.15881774268189144,-0.15881774268189144,0.03909359819861943,0.35,0.12307692307692307,-0.08090640180138056,0.111172419877324,0.10262069527137602,1.0
1.4299999999999999e-05,2.0,0.3166435503409435,0.15832177517047175,-0.15832177517047175,0.03897151388811612,0.35,0.12307692307692307,-0.08102848611188387,0.11082524261933022,0.10230022395630482,1.0
1.435e-05,2.0,0.31565589575797925,0.15782794787898963,-0.15782794787898963,0.03884995640098206,0.35,0.12307692307692307,-0.08115004359901794,0.11047956351529273,0.10198113555257791,1.0
1.44e-05,2.0,0.31467249471752495,0.15733624735876248,-0.15733624735876248,0.0387289224267723,0.35,0.12307692307692307,-0.0812710775732277,0.11013537315113373,0.10166342137027728,1.0
1.4449999999999999e-05,2.0,0.3136933205740902,0.1568466602870451,-0.1568466602870451,0.03860840868604187,0.35,0.12307692307692307,-0.08139159131395812,0.10979266220093156,0.10134707280085992,1.0
1.45e-05,2.0,0.3127183469307121,0.15635917346535605,-0.15635917346535605,0.0384884119299338,0.35,0.12307692307692307,-0.0815115880700662,0.10945142142574922,0.10103208131607622,1.0
1.455e-05,2.0,0.31174754763566703,0.15587377381783352,-0.15587377381783352,0.0383689289397744,0.35,0.12307692307692307,-0.0816310710602256,0.10911164167248345,0.10071843846690781,1.0
1.4599999999999999e-05,2.0,0.31078089677923776,0.15539044838961888,-0.15539044838961888,0.03824995652667541,0.35,0.12307692307692307,-0.08175004347332458,0.10877331387273322,0.10040613588252296,1.0
1.4649999999999999e-05,2.0,0.30981836869053847,0.15490918434526924,-0.15490918434526924,0.038131491531143195,0.35,0.12307692307692307,-0.0818685084688568,0.10843642904168846,0.10009516526925089,1.0
1.47e-05,2.0,0.30885993793439265,0.15442996896719632,-0.15442996896719632,0.03801353082269448,0.35,0.12307692307692307,-0.08198646917730551,0.10810097827703742,0.099785518409573,1.0
1.475e-05,2.0,0.3079055793082651,0.15395278965413256,-0.15395278965413256,0.03789607129947878,0.35,0.12307692307692307,-0.08210392870052122,0.10776695275789279,0.0994771871611318,1.0
1.4799999999999999e-05,2.0,0.3069552678392465,0.15347763391962324,-0.15347763391962324,0.03777910988790726,0.35,0.12307692307692307,-0.08222089011209274,0.10743434374373627,0.09917016345575655,1.0
1.485e-05,2.0,0.30600897878108824,0.15300448939054412,-0.15300448939054412,0.03766264354228778,0.35,0.12307692307692307,-0.08233735645771222,0.10710314257338088,0.09886443929850543,1.0
1.49e-05,2.0,0.3050666876112885,0.15253334380564426,-0.15253334380564426,0.03754666924446628,0.35,0.12307692307692307,-0.08245333075553371,0.10677334066395097,0.098560006766724,1.0
1.495e-05,2.0,0.3041283700282267,0.15206418501411334,-0.15206418501411334,0.037431184003474054,0.35,0.12307692307692307,-0.08256881599652593,0.10644492950987933,0.0982568580091194,1.0
1.4999999999999999e-05,2.0,0.30319400194834617,0.15159700097417309,-0.15159700097417309,0.03731618485518107,0.35,0.12307692307692307,-0.08268381514481893,0.10611790068192116,0.0979549852448503,1.0
1.505e-05,2.0,0.30226355950338424,0.15113177975169212,-0.15113177975169212,0.03720166886195498,0.35,0.12307692307692307,-0.08279833113804502,0.10579224582618448,0.09765438076263183,1.0
1.51e-05,2.0,0.3013370190376478,0.1506685095188239,-0.1506685095188239,0.03708763311232588,0.35,0.12307692307692307,-0.08291236688767412,0.10546795666317672,0.09735503691985545,1.0
1.5149999999999999e-05,2.0,0.30041435710533476,0.15020717855266738,-0.15020717855266738,0.036974074720656586,0.35,0.12307692307692307,-0.08302592527934341,0.10514502498686716,0.09705694614172354,1.0
1.52e-05,2.0,0.2994955504678987,0.14974777523394936,-0.14974777523394936,0.036860990826818305,0.35,0.12307692307692307,-0.08313900917318169,0.10482344266376455,0.09676010092039805,1.0
1.525e-05,2.0,0.2985805760914588,0.1492902880457294,-0.1492902880457294,0.03674837859587185,0.35,0.12307692307692307,-0.08325162140412815,0.10450320163201059,0.09646449381416361,1.0
1.53e-05,2.0,0.29766941114425,0.148834705572125,-0.148834705572125,0.036636235217753846,0.35,0.12307692307692307,-0.08336376478224615,0.10418429390048749,0.09617011744660385,1.0
1.535e-05,2.0,0.29676203299411563,0.14838101649705782,-0.14838101649705782,0.036524557906968076,0.35,0.12307692307692307,-0.08347544209303193,0.10386671154794047,0.0958769645057912,1.0
1.5399999999999998e-05,2.0,0.2958584192060422,0.1479292096030211,-0.1479292096030211,0.03641334390228212,0.35,0.12307692307692307,-0.08358665609771787,0.10355044672211478,0.09558502774349056,1.0
1.545e-05,2.0,0.2949585475397316,0.1474792737698658,-0.1474792737698658,0.0363025904664285,0.35,0.12307692307692307,-0.08369740953357149,0.10323549163890605,0.09529429997437483,1.0
1.55e-05,2.0,0.2940623959472146,0.1470311979736073,-0.1470311979736073,0.03619229488581103,0.35,0.12307692307692307,-0.08380770511418897,0.10292183858152511,0.09500477407525396,1.0
1.555e-05,2.0,0.29316994257050166,0.14658497128525083,-0.14658497128525083,0.03608245447021559,0.35,0.12307692307692307,-0.08391754552978441,0.10260947989967557,0.09471644298431592,1.0
1.56e-05,2.0,0.29228116573927143,0.14614058286963572,-0.14614058286963572,0.03597306655252571,0.35,0.12307692307692307,-0.08402693344747428,0.102298408008745,0.09442929970038,1.0
1.565e-05,2.0,0.29139604396859675,0.14569802198429838,-0.14569802198429838,0.03586412848844268,0.35,0.12307692307692307,-0.08413587151155733,0.10198861538900886,0.09414333728216204,1.0
1.57e-05,2.0,0.2905145559567066,0.1452572779783533,-0.1452572779783533,0.035755637656210044,0.35,0.12307692307692307,-0.08424436234378996,0.10168009458484731,0.09385854884755138,1.0
1.575e-05,2.0,0.2896366805827823,0.14481834029139115,-0.14481834029139115,0.035647591456342435,0.35,0.12307692307692307,-0.08435240854365755,0.1013728382039738,0.0935749275728989,1.0
1.5799999999999998e-05,2.0,0.28876239690479055,0.14438119845239528,-0.14438119845239528,0.03553998731135884,0.35,0.12307692307692307,-0.08446001268864116,0.10106683891667669,0.09329246669231694,1.0
1.585e-05,2.0,0.28789168415734884,0.14394584207867442,-0.14394584207867442,0.03543282266551986,0.35,0.12307692307692307,-0.08456717733448013,0.10076208945507209,0.09301115949698963,1.0
1.59e-05,2.0,0.2870245217496253,0.14351226087481264,-0.14351226087481264,0.03532609498456926,0.35,0.12307692307692307,-0.08467390501543073,0.10045858261236884,0.09273099933449433,1.0
1.5949999999999998e-05,2.0,0.286160889263271,0.1430804446316355,-0.1430804446316355,0.03521980175547951,0.35,0.12307692307692307,-0.08478019824452049,0.10015631124214484,0.0924519796081337,1.0
1.6e-05,2.0,0.2853007664503838,0.1426503832251919,-0.1426503832251919,0.03511394048620108,0.35,0.12307692307692307,-0.0848860595137989,0.09985526825763433,0.09217409377627786,1.0
1.605e-05,2.0,0.28444413323150486,0.14222206661575243,-0.14222206661575243,0.03500850870541598,0.35,0.12307692307692307,-0.08499149129458401,0.0995554466310267,0.09189733535171696,1.0
1.61e-05,2.0,0.2835909696936455,0.14179548484682275,-0.14179548484682275,0.03490350396229483,0.35,0.12307692307692307,-0.08509649603770517,0.09925683939277592,0.09162169790102392,1.0
1.615e-05,2.0,0.282741256088344,0.141370628044172,-0.141370628044172,0.03479892382625772,0.35,0.12307692307692307,-0.08520107617374229,0.0989594396309204,0.09134717504392652,1.0
1.62e-05,2.0,0.28189497282975307,0.14094748641487653,-0.14094748641487653,0.03469476588673884,0.35,0.12307692307692307,-0.08530523411326116,0.09866324049041357,0.09107376045268945,1.0
1.625e-05,2.0,0.2810521004927558,0.1405260502463779,-0.1405260502463779,0.034591027752954556,0.35,0.12307692307692307,-0.08540897224704544,0.09836823517246453,0.09080144785150572,1.0
1.63e-05,2.0,0.2802126198111103,0.14010630990555514,-0.14010630990555514,0.03448770705367511,0.35,0.12307692307692307,-0.08551229294632488,0.09807441693388859,0.09053023101589718,1.0
1.6349999999999998e-05,2.0,0.2793765116756234,0.1396882558378117,-0.1396882558378117,0.0343848014369998,0.35,0.12307692307692307,-0.0856151985630002,0.09778177908646818,0.09026010377212448,1.0
1.64e-05,2.0,0.2785437571323501,0.13927187856617504,-0.13927187856617504,0.034282308570135395,0.35,0.12307692307692307,-0.0857176914298646,0.09749031499632252,0.08999105999660542,1.0
1.645e-05,2.0,0.27771433738082246,0.13885716869041123,-0.13885716869041123,0.03418022613917815,0.35,0.12307692307692307,-0.08581977386082185,0.09720001808328786,0.08972309361534264,1.0
1.6499999999999998e-05,2.0,0.27688823377230287,0.13844411688615144,-0.13844411688615144,0.03407855184889881,0.35,0.12307692307692307,-0.08592144815110118,0.096910881820306,0.08945619860335939,1.0
1.655e-05,2.0,0.27606542780806476,0.13803271390403238,-0.13803271390403238,0.03397728342253104,0.35,0.12307692307692307,-0.08602271657746896,0.09662289973282266,0.089190368984144,1.0
1.66e-05,2.0,0.2752459011376984,0.1376229505688492,-0.1376229505688492,0.03387641860156288,0.35,0.12307692307692307,-0.08612358139843712,0.09633606539819445,0.08892559882910256,1.0
1.6649999999999998e-05,2.0,0.27442963555744215,0.13721481777872108,-0.13721481777872108,0.03377595514553134,0.35,0.12307692307692307,-0.08622404485446866,0.09605037244510475,0.08866188225701976,1.0
1.67e-05,2.0,0.27361661300853773,0.13680830650426887,-0.13680830650426887,0.03367589083182003,0.35,0.12307692307692307,-0.08632410916817997,0.0957658145529882,0.08839921343352758,1.0
1.675e-05,2.0,0.2728068155756108,0.1364034077878054,-0.1364034077878054,0.03357622345545979,0.35,0.12307692307692307,-0.0864237765445402,0.09548238545146379,0.08813758657058196,1.0
1.68e-05,2.0,0.27200022548507413,0.13600011274253707,-0.13600011274253707,0.0334769508289322,0.35,0.12307692307692307,-0.08652304917106779,0.09520007891977594,0.08787699592594703,1.0
1.685e-05,2.0,0.2711968251035546,0.1355984125517773,-0.1355984125517773,0.033378070781975945,0.35,0.12307692307692307,-0.08662192921802406,0.0949188887862441,0.08761743580268685,1.0
1.69e-05,2.0,0.2703965969363441,0.13519829846817205,-0.13519829846817205,0.0332795811613962,0.35,0.12307692307692307,-0.08672041883860379,0.09463880892772043,0.08735890054866502,1.0
1.695e-05,2.0,0.2695995236258709,0.13479976181293546,-0.13479976181293546,0.033181479830876416,0.35,0.12307692307692307,-0.08681852016912359,0.09435983326905481,0.0871013845560506,1.0
1.7e-05,2.0,0.26880558795019516,0.13440279397509758,-0.13440279397509758,0.03308376467079325,0.35,0.12307692307692307,-0.08691623532920675,0.0940819557825683,0.08684488226083228,1.0
1.7049999999999998e-05,2.0,0.26801477282152464,0.13400738641076232,-0.13400738641076232,0.0329864335780338,0.35,0.12307692307692307,-0.0870135664219662,0.09380517048753362,0.08658938814233873,1.0
1.71e-05,2.0,0.2672270612847528,0.1336135306423764,-0.1336135306423764,0.03288948446581573,0.35,0.12307692307692307,-0.08711051553418427,0.09352947144966348,0.0863348967227663,1.0
1.715e-05,2.0,0.26644243651601757,0.13322121825800878,-0.13322121825800878,0.03279291526350985,0.35,0.12307692307692307,-0.08720708473649014,0.09325485278060615,0.08608140256671337,1.0
1.7199999999999998e-05,2.0,0.26566088182128,0.13283044091064,-0.13283044091064,0.03269672391646523,0.35,0.12307692307692307,-0.08730327608353478,0.092981308637448,0.08582890028072124,1.0
1.725e-05,2.0,0.26488238063492425,0.13244119031746213,-0.13244119031746213,0.03260090838583683,0.35,0.12307692307692307,-0.08739909161416316,0.09270883322222348,0.08557738451282168,1.0
1.73e-05,2.0,0.2641069165183766,0.1320534582591883,-0.1320534582591883,0.032505466648415575,0.35,0.12307692307692307,-0.08749453335158441,0.0924374207814318,0.08532684995209089,1.0
1.7349999999999998e-05,2.0,0.2633344731587442,0.1316672365793721,-0.1316672365793721,0.03241039669646082,0.35,0.12307692307692307,-0.08758960330353918,0.09216706560556047,0.08507729132820965,1.0
1.74e-05,2.0,0.26256503436747364,0.13128251718373682,-0.13128251718373682,0.032315696537535216,0.35,0.12307692307692307,-0.08768430346246478,0.09189776202861577,0.08482870341102994,1.0
1.745e-05,2.0,0.2617985840790268,0.1308992920395134,-0.1308992920395134,0.03222136419434175,0.35,0.12307692307692307,-0.08777863580565824,0.09162950442765937,0.08458108101014711,1.0
1.75e-05,2.0,0.26103510634957716,0.13051755317478858,-0.13051755317478858,0.03212739770456334,0.35,0.12307692307692307,-0.08787260229543666,0.091362287222352,0.08433441897447877,1.0
1.755e-05,2.0,0.2602745853557228,0.1301372926778614,-0.1301372926778614,0.03203379512070434,0.35,0.12307692307692307,-0.08796620487929566,0.09109610487450297,0.08408871219184891,1.0
1.76e-05,2.0,0.2595170053932178,0.1297585026966089,-0.1297585026966089,0.0319405545099345,0.35,0.12307692307692307,-0.0880594454900655,0.09083095188762623,0.08384395558857807,1.0
1.765e-05,2.0,0.25876235087572164,0.12938117543786082,-0.12938117543786082,0.031847673953934966,0.35,0.12307692307692307,-0.08815232604606503,0.09056682280650256,0.08360014412907929,1.0
1.77e-05,2.0,0.25801060633356504,0.12900530316678252,-0.12900530316678252,0.03175515154874647,0.35,0.12307692307692307,-0.08824484845125352,0.09030371221674775,0.08335727281545949,1.0
1.7749999999999998e-05,2.0,0.25726175641253357,0.12863087820626679,-0.12863087820626679,0.031662985404619516,0.35,0.12307692307692307,-0.08833701459538049,0.09004161474438674,0.08311533668712623,1.0
1.78e-05,2.0,0.2565157858726669,0.12825789293633344,-0.12825789293633344,0.031571173645866694,0.35,0.12307692307692307,-0.0884288263541333,0.08978052505543341,0.08287433082040008,1.0
1.785e-05,2.0,0.2557726795870761,0.12788633979353806,-0.12788633979353806,0.031479714410717057,0.35,0.12307692307692307,-0.08852028558928293,0.08952043785547663,0.08263425032813229,1.0
1.7899999999999998e-05,2.0,0.25503242254077535,0.12751621127038767,-0.12751621127038767,0.03138860585117235,0.35,0.12307692307692307,-0.08861139414882765,0.08926134788927137,0.08239509035932742,1.0
1.795e-05,2.0,0.2542949998295306,0.1271474999147653,-0.1271474999147653,0.0312978461328653,0.35,0.12307692307692307,-0.0887021538671347,0.08900324994033569,0.08215684609877141,1.0
1.8e-05,2.0,0.2535603966587233,0.12678019832936166,-0.12678019832936166,0.03120743343491979,0.35,0.12307692307692307,-0.08879256656508021,0.08874613883055316,0.08191951276666445,1.0
1.8049999999999998e-05,2.0,0.25282859834222987,0.12641429917111494,-0.12641429917111494,0.031117365949812906,0.35,0.12307692307692307,-0.08888263405018709,0.08849000941978045,0.08168308561825888,1.0
1.81e-05,2.0,0.2520995903013156,0.1260497951506578,-0.1260497951506578,0.031027641883238845,0.35,0.12307692307692307,-0.08897235811676116,0.08823485660546046,0.08144755994350197,1.0
1.815e-05,2.0,0.2513733580635442,0.1256866790317721,-0.1256866790317721,0.03093825945397467,0.35,0.12307692307692307,-0.08906174054602532,0.08798067532224046,0.08121293106668352,1.0
1.82e-05,2.0,0.25064988726170134,0.12532494363085067,-0.12532494363085067,0.030849216893747856,0.35,0.12307692307692307,-0.08915078310625214,0.08772746054159547,0.08097919434608812,1.0
1.825e-05,2.0,0.24992916363273232,0.12496458181636616,-0.12496458181636616,0.030760512447105516,0.35,0.12307692307692307,-0.08923948755289449,0.0874752072714563,0.08074634517365198,1.0
1.8299999999999998e-05,2.0,0.24921117301669513,0.12460558650834756,-0.12460558650834756,0.030672144371285553,0.35,0.12307692307692307,-0.08932785562871444,0.08722391055584329,0.08051437897462459,1.0
1.835e-05,2.0,0.24849590135572514,0.12424795067786257,-0.12424795067786257,0.030584110936089245,0.35,0.12307692307692307,-0.08941588906391075,0.08697356547450379,0.08028329120723428,1.0
1.84e-05,2.0,0.2477833346930161,0.12389166734650806,-0.12389166734650806,0.030496410423755827,0.35,0.12307692307692307,-0.08950358957624417,0.08672416714255564,0.08005307736235905,1.0
1.8449999999999998e-05,2.0,0.247073459171812,0.123536729585906,-0.123536729585906,0.0304090411288384,0.35,0.12307692307692307,-0.0895909588711616,0.0864757107101342,0.0798237329632008,1.0
1.85e-05,2.0,0.24636626103441428,0.12318313051720714,-0.12318313051720714,0.030322001358081756,0.35,0.12307692307692307,-0.08967799864191824,0.08622819136204499,0.07959525356496462,1.0
1.855e-05,2.0,0.24566172662120025,0.12283086331060013,-0.12283086331060013,0.030235289430301567,0.35,0.12307692307692307,-0.08976471056969842,0.08598160431742008,0.07936763475454162,1.0
1.8599999999999998e-05,2.0,0.24495984236965573,0.12247992118482787,-0.12247992118482787,0.03014890367626532,0.35,0.12307692307692307,-0.08985109632373467,0.0857359448293795,0.07914087215019647,1.0
1.865e-05,2.0,0.24426059481341922,0.12213029740670961,-0.12213029740670961,0.030062842438574672,0.35,0.12307692307692307,-0.08993715756142533,0.08549120818469672,0.07891496140125852,1.0
1.87e-05,2.0,0.2435639705813391,0.12178198529066955,-0.12178198529066955,0.029977104071549427,0.35,0.12307692307692307,-0.09002289592845057,0.08524738970346868,0.07868989818781726,1.0
1.875e-05,2.0,0.2428699563965425,0.12143497819827125,-0.12143497819827125,0.02989168694111292,0.35,0.12307692307692307,-0.09010831305888707,0.08500448473878987,0.07846567822042143,1.0
1.88e-05,2.0,0.24217853907551648,0.12108926953775824,-0.12108926953775824,0.02980658942467895,0.35,0.12307692307692307,-0.09019341057532104,0.08476248867643077,0.07824229723978225,1.0
1.885e-05,2.0,0.2414897055272008,0.1207448527636004,-0.1207448527636004,0.0297218099110401,0.35,0.12307692307692307,-0.0902781900889599,0.08452139693452028,0.07801975101648026,1.0
1.89e-05,2.0,0.2408034427520927,0.12040172137604635,-0.12040172137604635,0.02963734680025756,0.35,0.12307692307692307,-0.09036265319974243,0.08428120496323244,0.0777980353506761,1.0
1.895e-05,2.0,0.24011973784136212,0.12005986892068106,-0.12005986892068106,0.029553198503552258,0.35,0.12307692307692307,-0.09044680149644774,0.08404190824447674,0.07757714607182468,1.0
1.8999999999999998e-05,2.0,0.23943857797597945,0.11971928898798972,-0.11971928898798972,0.02946936344319747,0.35,0.12307692307692307,-0.09053063655680252,0.08380350229159281,0.07735707903839337,1.0
1.905e-05,2.0,0.23875995042585327,0.11937997521292663,-0.11937997521292663,0.02938584005241271,0.35,0.12307692307692307,-0.09061415994758729,0.08356598264904865,0.07713783013758337,1.0
1.91e-05,2.0,0.23808384254897944,0.11904192127448972,-0.11904192127448972,0.029302626775259005,0.35,0.12307692307692307,-0.09069737322474099,0.0833293448921428,0.0769193952850549,1.0
1.9149999999999998e-05,2.0,0.237410241790601,0.1187051208953005,-0.1187051208953005,0.029219722066535506,0.35,0.12307692307692307,-0.09078027793346449,0.08309358462671035,0.0767017704246557,1.0
1.92e-05,2.0,0.23673913568237798,0.11836956784118899,-0.11836956784118899,0.029137124391677288,0.35,0.12307692307692307,-0.09086287560832271,0.08285869748883229,0.07648495152815288,1.0
1.925e-05,2.0,0.23607051184156874,0.11803525592078437,-0.11803525592078437,0.029054832226654614,0.35,0.12307692307692307,-0.09094516777334538,0.08262467914454906,0.07626893459496836,1.0
1.9299999999999998e-05,2.0,0.23540435797022025,0.11770217898511012,-0.11770217898511012,0.02897284405787326,0.35,0.12307692307692307,-0.09102715594212674,0.08239152528957708,0.07605371565191732,1.0
1.935e-05,2.0,0.23474066185436923,0.11737033092718462,-0.11737033092718462,0.02889115838207621,0.35,0.12307692307692307,-0.09110884161792379,0.08215923164902923,0.07583929075295007,1.0
1.94e-05,2.0,0.23407941136325291,0.11703970568162646,-0.11703970568162646,0.02880977370624651,0.35,0.12307692307692307,-0.09119022629375348,0.08192779397713852,0.07562565597889709,1.0
1.945e-05,2.0,0.2334205944485298,0.1167102972242649,-0.1167102972242649,0.028728688547511358,0.35,0.12307692307692307,-0.09127131145248864,0.08169720805698542,0.07541280743721732,1.0
1.95e-05,2.0,0.2327641991435095,0.11638209957175474,-0.11638209957175474,0.02864790143304732,0.35,0.12307692307692307,-0.09135209856695267,0.08146746970022832,0.07520074126174922,1.0
1.9549999999999997e-05,2.0,0.23211021356239273,0.11605510678119636,-0.11605510678119636,0.028567410899986795,0.35,0.12307692307692307,-0.0914325891000132,0.08123857474683745,0.07498945361246534,1.0
1.96e-05,2.0,0.23145862589951993,0.11572931294975997,-0.11572931294975997,0.028487215495325527,0.35,0.12307692307692307,-0.09151278450467447,0.08101051906483198,0.07477894067522951,1.0
1.965e-05,2.0,0.23080942442862964,0.11540471221431482,-0.11540471221431482,0.02840731377583134,0.35,0.12307692307692307,-0.09159268622416866,0.08078329855002037,0.07456919866155727,1.0
1.9699999999999998e-05,2.0,0.2301625975021256,0.1150812987510628,-0.1150812987510628,0.028327704307953918,0.35,0.12307692307692307,-0.09167229569204607,0.08055690912574395,0.07436022380837903,1.0
1.975e-05,2.0,0.2295181335503523,0.11475906677517615,-0.11475906677517615,0.028248385667735666,0.35,0.12307692307692307,-0.09175161433226434,0.08033134674262331,0.07415201237780614,1.0
1.98e-05,2.0,0.2288760210808807,0.11443801054044035,-0.11443801054044035,0.028169356440723776,0.35,0.12307692307692307,-0.09183064355927623,0.08010660737830824,0.07394456065689992,1.0
1.9849999999999998e-05,2.0,0.22823624867780076,0.11411812433890038,-0.11411812433890038,0.02809061522188317,0.35,0.12307692307692307,-0.09190938477811683,0.07988268703723027,0.07373786495744333,1.0
1.99e-05,2.0,0.22759880500102384,0.11379940250051192,-0.11379940250051192,0.028012160615510623,0.35,0.12307692307692307,-0.09198783938448937,0.07965958175035834,0.0735319216157154,1.0
1.995e-05,2.0,0.2269636787855929,0.11348183939279645,-0.11348183939279645,0.027933991235149894,0.35,0.12307692307692307,-0.0920660087648501,0.07943728757495751,0.07332672699226847,1.0
1.9999999999999998e-05,2.0,0.22633085884100096,0.11316542942050048,-0.11316542942050048,0.02785610570350781,0.35,0.12307692307692307,-0.09214389429649218,0.07921580059435034,0.073122277471708,1.0
2.005e-05,2.0,0.22570033405051776,0.11285016702525888,-0.11285016702525888,0.027778502652371414,0.35,0.12307692307692307,-0.09222149734762858,0.07899511691768121,0.07291856946247496,1.0
2.01e-05,2.0,0.22507209337052458,0.11253604668526229,-0.11253604668526229,0.0277011807225261,0.35,0.12307692307692307,-0.0922988192774739,0.0787752326796836,0.07271559939663103,1.0
2.015e-05,2.0,0.22444612582985665,0.11222306291492833,-0.11222306291492833,0.027624138563674662,0.35,0.12307692307692307,-0.09237586143632534,0.07855614404044982,0.072513363729646,1.0
2.02e-05,2.0,0.22382242052915344,0.11191121026457672,-0.11191121026457672,0.027547374834357343,0.35,0.12307692307692307,-0.09245262516564265,0.0783378471852037,0.07231185894018803,1.0
2.0249999999999998e-05,2.0,0.22320096664021682,0.11160048332010841,-0.11160048332010841,0.027470888201872837,0.35,0.12307692307692307,-0.09252911179812716,0.07812033832407589,0.0721110815299162,1.0
2.03e-05,2.0,0.2225817534053761,0.11129087670268804,-0.11129087670268804,0.027394677342200132,0.35,0.12307692307692307,-0.09260532265779986,0.07790361369188163,0.07191102802327536,1.0
2.035e-05,2.0,0.22196477013686167,0.11098238506843083,-0.11098238506843083,0.027318740939921433,0.35,0.12307692307692307,-0.09268125906007857,0.07768766954790157,0.07171169496729377,1.0
2.0399999999999998e-05,2.0,0.22135000621618506,0.11067500310809253,-0.11067500310809253,0.02724307768814585,0.35,0.12307692307692307,-0.09275692231185415,0.07747250217566476,0.07151307893138287,1.0
2.045e-05,2.0,0.22073745109352574,0.11036872554676287,-0.11036872554676287,0.027167686288433936,0.35,0.12307692307692307,-0.09283231371156606,0.077258107882734,0.07131517650713909,1.0
2.05e-05,2.0,0.22012709428712676,0.11006354714356338,-0.11006354714356338,0.02709256545072329,0.35,0.12307692307692307,-0.0929074345492767,0.07704448300049437,0.07111798430814864,1.0
2.0549999999999998e-05,2.0,0.2195189253826959,0.10975946269134795,-0.10975946269134795,0.02701771389325488,0.35,0.12307692307692307,-0.09298228610674511,0.07683162388394356,0.07092149896979406,1.0
2.06e-05,2.0,0.21891293403281392,0.10945646701640696,-0.10945646701640696,0.026943130342500173,0.35,0.12307692307692307,-0.09305686965749982,0.07661952691148487,0.07072571714906296,1.0
2.065e-05,2.0,0.21830910995635036,0.10915455497817518,-0.10915455497817518,0.026868813533089272,0.35,0.12307692307692307,-0.09313118646691072,0.07640818848472263,0.07053063552435934,1.0
2.07e-05,2.0,0.21770744293788533,0.10885372146894266,-0.10885372146894266,0.02679476220773973,0.35,0.12307692307692307,-0.09320523779226027,0.07619760502825985,0.0703362507953168,1.0
2.075e-05,2.0,0.2171079228271382,0.1085539614135691,-0.1085539614135691,0.026720975117186237,0.35,0.12307692307692307,-0.09327902488281375,0.07598777298949837,0.07014255968261388,1.0
2.0799999999999997e-05,2.0,0.21651053953840305,0.10825526976920152,-0.10825526976920152,0.02664745102011114,0.35,0.12307692307692307,-0.09335254897988886,0.07577868883844106,0.06994955892779176,1.0
2.085e-05,2.0,0.21591528304998986,0.10795764152499493,-0.10795764152499493,0.026574188683075674,0.35,0.12307692307692307,-0.09342581131692432,0.07557034906749645,0.06975724529307364,1.0
2.09e-05,2.0,0.2153221434036727,0.10766107170183635,-0.10766107170183635,0.026501186880452023,0.35,0.12307692307692307,-0.09349881311954797,0.07536275019128544,0.06956561556118657,1.0
2.0949999999999998e-05,2.0,0.2147311107041441,0.10736555535207205,-0.10736555535207205,0.026428444394356196,0.35,0.12307692307692307,-0.0935715556056438,0.07515588874645043,0.06937466653518502,1.0
2.1e-05,2.0,0.2141421751184751,0.10707108755923755,-0.10707108755923755,0.02635596001458155,0.35,0.12307692307692307,-0.09364403998541845,0.07494976129146629,0.06918439503827657,1.0
2.105e-05,2.0,0.213555326875582,0.106777663437791,-0.106777663437791,0.02628373253853317,0.35,0.12307692307692307,-0.09371626746146683,0.0747443644064537,0.06899479791364957,1.0
2.1099999999999998e-05,2.0,0.2129705562656985,0.10648527813284925,-0.10648527813284925,0.02621176077116289,0.35,0.12307692307692307,-0.09378823922883711,0.07453969469299447,0.06880587202430259,1.0
2.115e-05,2.0,0.21238785363985418,0.10619392681992709,-0.10619392681992709,0.026140043524905128,0.35,0.12307692307692307,-0.09385995647509487,0.07433574877394895,0.06861761425287596,1.0
2.12e-05,2.0,0.2118072094093587,0.10590360470467935,-0.10590360470467935,0.02606857961961338,0.35,0.12307692307692307,-0.09393142038038661,0.07413252329327555,0.06843002150148512,1.0
2.1249999999999998e-05,2.0,0.21122861404529175,0.10561430702264588,-0.10561430702264588,0.025997367882497444,0.35,0.12307692307692307,-0.09400263211750255,0.0739300149158521,0.06824309069155579,1.0
2.13e-05,2.0,0.21065205807799842,0.10532602903899921,-0.10532602903899921,0.025926407148061343,0.35,0.12307692307692307,-0.09407359285193866,0.07372822032729943,0.06805681876366103,1.0
2.135e-05,2.0,0.2100775320965906,0.1050387660482953,-0.1050387660482953,0.02585569625804192,0.35,0.12307692307692307,-0.09414430374195808,0.0735271362338067,0.06787120267736005,1.0
2.14e-05,2.0,0.20950502674845356,0.10475251337422678,-0.10475251337422678,0.02578523406134813,0.35,0.12307692307692307,-0.09421476593865187,0.07332675936195875,0.06768623941103884,1.0
2.145e-05,2.0,0.20893453273875773,0.10446726636937886,-0.10446726636937886,0.02571501941400095,0.35,0.12307692307692307,-0.09428498058599905,0.0731270864585652,0.0675019259617525,1.0
2.1499999999999997e-05,2.0,0.20836604082997678,0.10418302041498839,-0.10418302041498839,0.025645051179074063,0.35,0.12307692307692307,-0.09435494882092593,0.07292811429049187,0.06731825934506942,1.0
2.155e-05,2.0,0.2077995418414098,0.1038997709207049,-0.1038997709207049,0.025575328226635052,0.35,0.12307692307692307,-0.09442467177336494,0.07272983964449342,0.06713523659491702,1.0
2.16e-05,2.0,0.20723502664870957,0.10361751332435479,-0.10361751332435479,0.02550584943368733,0.35,0.12307692307692307,-0.09449415056631266,0.07253225932704835,0.06695285476342924,1.0
2.1649999999999998e-05,2.0,0.20667248618341555,0.10333624309170777,-0.10333624309170777,0.02543661368411268,0.35,0.12307692307692307,-0.09456338631588732,0.07233537016419543,0.0667711109207958,1.0
2.17e-05,2.0,0.2061119114324918,0.1030559557162459,-0.1030559557162459,0.025367619868614372,0.35,0.12307692307692307,-0.09463238013138563,0.07213916900137213,0.06659000215511274,1.0
2.175e-05,2.0,0.20555329343787077,0.10277664671893538,-0.10277664671893538,0.025298866884661014,0.35,0.12307692307692307,-0.09470113311533898,0.07194365270325476,0.06640952557223517,1.0
2.1799999999999998e-05,2.0,0.20499662329600057,0.10249831164800029,-0.10249831164800029,0.02523035363643084,0.35,0.12307692307692307,-0.09476964636356916,0.0717488181536002,0.06622967829563095,1.0
2.185e-05,2.0,0.20444189215739866,0.10222094607869933,-0.10222094607869933,0.025162079034756757,0.35,0.12307692307692307,-0.09483792096524324,0.07155466225508952,0.0660504574662365,1.0
2.19e-05,2.0,0.20388909122620927,0.10194454561310463,-0.10194454561310463,0.02509404199707191,0.35,0.12307692307692307,-0.09490595800292809,0.07136118192917323,0.06587186024231376,1.0
2.1949999999999998e-05,2.0,0.20333821175976602,0.10166910587988301,-0.10166910587988301,0.025026241447355817,0.35,0.12307692307692307,-0.09497375855264417,0.0711683741159181,0.06569388379930902,1.0
2.2e-05,3.0,0.2027892450681589,0.10139462253407945,-0.10139462253407945,0.2027892450681589,0.88,1.0,0.0827892450681589,0.07097623577385562,0.24334709408179067,0.0
2.205e-05,3.0,0.20224218251380638,0.10112109125690319,-0.10112109125690319,0.20224218251380638,0.88,1.0,0.08224218251380638,0.07078476387983222,0.24269061901656766,0.0
2.21e-05,3.0,0.20169701551103159,0.10084850775551579,-0.10084850775551579,0.20169701551103159,0.88,1.0,0.08169701551103159,0.07059395542886104,0.2420364186132379,0.0
2.215e-05,3.0,0.20115373552564308,0.10057686776282154,-0.10057686776282154,0.20115373552564308,0.88,1.0,0.08115373552564309,0.07040380743397508,0.2413844826307717,0.0
2.2199999999999998e-05,3.0,0.20061233407452034,0.10030616703726017,-0.10030616703726017,0.20061233407452034,0.88,1.0,0.08061233407452034,0.07021431692608211,0.2407348008894244,0.0
2.225e-05,3.0,0.2000728027252031,0.10003640136260156,-0.10003640136260156,0.2000728027252031,0.88,1.0,0.08007280272520312,0.07002548095382108,0.24008736327024374,0.0
2.23e-05,3.0,0.19953513309548587,0.09976756654774294,-0.09976756654774294,0.19953513309548587,0.88,1.0,0.07953513309548588,0.06983729658342006,0.23944215971458305,0.0
2.2349999999999998e-05,3.0,0.19899931685301547,0.09949965842650774,-0.09949965842650774,0.19899931685301547,0.88,1.0,0.07899931685301548,0.06964976089855542,0.23879918022361857,0.0
2.24e-05,3.0,0.19846534571489363,0.09923267285744682,-0.09923267285744682,0.19846534571489363,0.88,1.0,0.07846534571489364,0.06946287100021277,0.23815841485787237,0.0
2.245e-05,3.0,0.19793321144728426,0.09896660572364213,-0.09896660572364213,0.19793321144728426,0.88,1.0,0.07793321144728427,0.06927662400654949,0.23751985373674112,0.0
2.2499999999999998e-05,3.0,0.19740290586502318,0.09870145293251159,-0.09870145293251159,0.19740290586502318,0.88,1.0,0.07740290586502319,0.06909101705275811,0.2368834870380278,0.0
2.255e-05,3.0,0.19687442083123335,0.09843721041561668,-0.09843721041561668,0.19687442083123335,0.88,1.0,0.07687442083123336,0.06890604729093167,0.23624930499748004,0.0
2.26e-05,3.0,0.19634774825694343,0.09817387412847171,-0.09817387412847171,0.19634774825694343,0.88,1.0,0.07634774825694343,0.06872171188993019,0.2356172979083321,0.0
2.2649999999999998e-05,3.0,0.19582288010071058,0.09791144005035529,-0.09791144005035529,0.19582288010071058,0.88,1.0,0.07582288010071059,0.0685380080352487,0.2349874561208527,0.0
2.27e-05,3.0,0.19529980836824662,0.09764990418412331,-0.09764990418412331,0.19529980836824662,0.88,1.0,0.07529980836824662,0.06835493292888631,0.23435977004189595,0.0
2.2749999999999997e-05,3.0,0.19477852511204896,0.09738926255602448,-0.09738926255602448,0.19477852511204896,0.88,1.0,0.07477852511204897,0.06817248378921713,0.23373423013445876,0.0
2.28e-05,3.0,0.19425902243103405,0.09712951121551702,-0.09712951121551702,0.19425902243103405,0.88,1.0,0.07425902243103405,0.0679906578508619,0.23311082691724086,0.0
2.285e-05,3.0,0.193741292470176,0.096870646235088,-0.096870646235088,0.193741292470176,0.88,1.0,0.073741292470176,0.0678094523645616,0.2324895509642112,0.0
2.2899999999999998e-05,3.0,0.1932253274201476,0.0966126637100738,-0.0966126637100738,0.1932253274201476,0.88,1.0,0.07322532742014762,0.06762886459705165,0.23187039290417713,0.0
2.295e-05,3.0,0.19271111951696593,0.09635555975848296,-0.09635555975848296,0.19271111951696593,0.88,1.0,0.07271111951696593,0.06744889183093807,0.2312533434203591,0.0
2.3e-05,3.0,0.1921986610416408,0.0960993305208204,-0.0960993305208204,0.1921986610416408,0.88,1.0,0.0721986610416408,0.06726953136457427,0.23063839324996896,0.0
2.3049999999999998e-05,3.0,0.19168794431982772,0.09584397215991386,-0.09584397215991386,0.19168794431982772,0.88,1.0,0.07168794431982772,0.0670907805119397,0.23002553318379326,0.0
2.31e-05,3.0,0.19117896172148313,0.09558948086074157,-0.09558948086074157,0.19117896172148313,0.88,1.0,0.07117896172148314,0.06691263660251909,0.22941475406577977,0.0
2.315e-05,3.0,0.19067170566052405,0.09533585283026202,-0.09533585283026202,0.19067170566052405,0.88,1.0,0.07067170566052405,0.0667350969811834,0.22880604679262886,0.0
2.3199999999999998e-05,3.0,0.19016616859449106,0.09508308429724553,-0.09508308429724553,0.19016616859449106,0.88,1.0,0.07016616859449107,0.06655815900807187,0.22819940231338928,0.0
2.325e-05,3.0,0.189662343024214,0.094831171512107,-0.094831171512107,0.189662343024214,0.88,1.0,0.06966234302421401,0.0663818200584749,0.22759481162905681,0.0
2.33e-05,3.0,0.18916022149348194,0.09458011074674097,-0.09458011074674097,0.18916022149348194,0.88,1.0,0.06916022149348194,0.06620607752271868,0.22699226579217832,0.0
2.335e-05,3.0,0.1886597965887156,0.0943298982943578,-0.0943298982943578,0.1886597965887156,0.88,1.0,0.0686597965887156,0.06603092880605045,0.2263917559064587,0.0
2.34e-05,3.0,0.18816106093864343,0.09408053046932172,-0.09408053046932172,0.18816106093864343,0.88,1.0,0.06816106093864344,0.06585637132852519,0.22579327312637212,0.0
2.3449999999999997e-05,3.0,0.1876640072139812,0.0938320036069906,-0.0938320036069906,0.1876640072139812,0.88,1.0,0.06766400721398119,0.06568240252489341,0.22519680865677744,0.0
2.35e-05,3.0,0.18716862812711377,0.09358431406355688,-0.09358431406355688,0.18716862812711377,0.88,1.0,0.06716862812711377,0.06550901984448981,0.2246023537525365,0.0
2.355e-05,3.0,0.18667491643178127,0.09333745821589064,-0.09333745821589064,0.18667491643178127,0.88,1.0,0.06667491643178128,0.06533622075112344,0.22400989971813753,0.0
2.3599999999999998e-05,3.0,0.18618286492276756,0.09309143246138378,-0.09309143246138378,0.18618286492276756,0.88,1.0,0.06618286492276756,0.06516400272296864,0.22341943790732108,0.0
2.365e-05,3.0,0.1856924664355915,0.09284623321779575,-0.09284623321779575,0.1856924664355915,0.88,1.0,0.06569246643559151,0.06499236325245702,0.2228309597227098,0.0
2.37e-05,3.0,0.18520371384620243,0.09260185692310122,-0.09260185692310122,0.18520371384620243,0.88,1.0,0.06520371384620244,0.06482129984617085,0.22224445661544293,0.0
2.3749999999999998e-05,3.0,0.18471660007067722,0.09235830003533861,-0.09235830003533861,0.18471660007067722,0.88,1.0,0.06471660007067723,0.06465081002473702,0.22165992008481267,0.0
2.38e-05,3.0,0.18423111806492132,0.09211555903246066,-0.09211555903246066,0.18423111806492132,0.88,1.0,0.06423111806492132,0.06448089132272246,0.22107734167790558,0.0
2.385e-05,3.0,0.18374726082437196,0.09187363041218598,-0.09187363041218598,0.18374726082437196,0.88,1.0,0.06374726082437196,0.06431154128853019,0.22049671298924634,0.0
2.3899999999999998e-05,3.0,0.18326502138370507,0.09163251069185253,-0.09163251069185253,0.18326502138370507,0.88,1.0,0.06326502138370507,0.06414275748429676,0.21991802566044608,0.0
2.395e-05,3.0,0.18278439281654413,0.09139219640827206,-0.09139219640827206,0.18278439281654413,0.88,1.0,0.06278439281654413,0.06397453748579045,0.21934127137985296,0.0
2.4e-05,3.0,0.18230536823517227,0.09115268411758613,-0.09115268411758613,0.18230536823517227,0.88,1.0,0.06230536823517227,0.06380687888231029,0.21876644188220673,0.0
2.405e-05,3.0,0.18182794079024756,0.09091397039512378,-0.09091397039512378,0.18182794079024756,0.88,1.0,0.06182794079024756,0.06363977927658664,0.21819352894829708,0.0
2.41e-05,3.0,0.18135210367051996,0.09067605183525998,-0.09067605183525998,0.18135210367051996,0.88,1.0,0.061352103670519964,0.06347323628468199,0.21762252440462396,0.0
2.4149999999999997e-05,3.0,0.18087785010255197,0.09043892505127599,-0.09043892505127599,0.18087785010255197,0.88,1.0,0.06087785010255198,0.06330724753589319,0.21705342012306236,0.0
2.42e-05,3.0,0.1804051733504418,0.0902025866752209,-0.0902025866752209,0.1804051733504418,0.88,1.0,0.06040517335044179,0.06314181067265462,0.21648620802053015,0.0
2.425e-05,3.0,0.1799340667155484,0.0899670333577742,-0.0899670333577742,0.1799340667155484,0.88,1.0,0.059934066715548406,0.06297692335044194,0.2159208800586581,0.0
2.4299999999999998e-05,3.0,0.17946452353622036,0.08973226176811018,-0.08973226176811018,0.17946452353622036,0.88,1.0,0.059464523536220365,0.06281258323767712,0.21535742824346443,0.0
2.435e-05,3.0,0.17899653718752592,0.08949826859376296,-0.08949826859376296,0.17899653718752592,0.88,1.0,0.05899653718752593,0.06264878801563407,0.2147958446250311,0.0
2.44e-05,3.0,0.1785301010809871,0.08926505054049355,-0.08926505054049355,0.1785301010809871,0.88,1.0,0.05853010108098711,0.06248553537834548,0.21423612129718453,0.0
2.4449999999999998e-05,3.0,0.17806520866431513,0.08903260433215757,-0.08903260433215757,0.17806520866431513,0.88,1.0,0.05806520866431514,0.06232282303251029,0.21367825039717817,0.0
2.45e-05,3.0,0.17760185342114868,0.08880092671057434,-0.08880092671057434,0.17760185342114868,0.88,1.0,0.05760185342114868,0.06216064869740203,0.2131222241053784,0.0
2.455e-05,3.0,0.17714002887079505,0.08857001443539753,-0.08857001443539753,0.17714002887079505,0.88,1.0,0.05714002887079506,0.06199901010477826,0.21256803464495405,0.0
2.4599999999999998e-05,3.0,0.17667972856797318,0.08833986428398659,-0.08833986428398659,0.17667972856797318,0.88,1.0,0.05667972856797318,0.061837904998790605,0.2120156742815678,0.0
2.465e-05,3.0,0.17622094610255923,0.08811047305127961,-0.08811047305127961,0.17622094610255923,0.88,1.0,0.05622094610255923,0.06167733113589573,0.21146513532307107,0.0
2.4699999999999997e-05,3.0,0.17576367509933483,0.08788183754966741,-0.08788183754966741,0.17576367509933483,0.88,1.0,0.05576367509933483,0.061517286284767186,0.21091641011920179,0.0
2.475e-05,3.0,0.1753079092177371,0.08765395460886855,-0.08765395460886855,0.1753079092177371,0.88,1.0,0.055307909217737095,0.061357768226207976,0.2103694910612845,0.0
2.48e-05,3.0,0.17485364215161167,0.08742682107580584,-0.08742682107580584,0.17485364215161167,0.88,1.0,0.054853642151611676,0.06119877475306408,0.209824370581934,0.0
2.4849999999999998e-05,3.0,0.1744008676289673,0.08720043381448365,-0.08720043381448365,0.1744008676289673,0.88,1.0,0.054400867628967314,0.06104030367013855,0.20928104115476076,0.0
2.49e-05,3.0,0.1739495794117337,0.08697478970586685,-0.08697478970586685,0.1739495794117337,0.88,1.0,0.0539495794117337,0.06088235279410679,0.20873949529408042,0.0
2.495e-05,3.0,0.17349977129552002,0.08674988564776001,-0.08674988564776001,0.17349977129552002,0.88,1.0,0.05349977129552003,0.060724919953432,0.20819972555462402,0.0
2.4999999999999998e-05,3.0,0.1730514371093776,0.0865257185546888,-0.0865257185546888,0.1730514371093776,0.88,1.0,0.0530514371093776,0.06056800298828215,0.20766172453125312,0.0
2.505e-05,3.0,0.1726045707155631,0.08630228535778155,-0.08630228535778155,0.1726045707155631,0.88,1.0,0.0526045707155631,0.060411599750447076,0.2071254848586757,0.0
2.51e-05,3.0,0.1721591660093049,0.08607958300465245,-0.08607958300465245,0.1721591660093049,0.88,1.0,0.0521591660093049,0.06025570810325671,0.20659099921116586,0.0
2.5149999999999998e-05,3.0,0.17171521691857106,0.08585760845928553,-0.08585760845928553,0.17171521691857106,0.88,1.0,0.05171521691857106,0.060100325921499866,0.20605826030228527,0.0
2.52e-05,3.0,0.17127271740383984,0.08563635870191992,-0.08563635870191992,0.17127271740383984,0.88,1.0,0.051272717403839846,0.05994545109134394,0.20552726088460782,0.0
2.525e-05,3.0,0.17083166145787174,0.08541583072893587,-0.08541583072893587,0.17083166145787174,0.88,1.0,0.05083166145787174,0.059791081510255105,0.20499799374944608,0.0
2.53e-05,3.0,0.1703920431054843,0.08519602155274215,-0.08519602155274215,0.1703920431054843,0.88,1.0,0.05039204310548431,0.05963721508691951,0.20447045172658118,0.0
2.535e-05,3.0,0.16995385640332844,0.08497692820166422,-0.08497692820166422,0.16995385640332844,0.88,1.0,0.049953856403328445,0.05948384974116495,0.20394462768399413,0.0
2.5399999999999997e-05,3.0,0.16951709543966664,0.08475854771983332,-0.08475854771983332,0.16951709543966664,0.88,1.0,0.04951709543966665,0.05933098340388332,0.20342051452759996,0.0
2.545e-05,3.0,0.1690817543341539,0.08454087716707695,-0.08454087716707695,0.1690817543341539,0.88,1.0,0.049081754334153904,0.05917861401695386,0.20289810520098467,0.0
2.55e-05,3.0,0.1686478272376202,0.0843239136188101,-0.0843239136188101,0.1686478272376202,0.88,1.0,0.048647827237620206,0.05902673953316707,0.20237739268514424,0.0
2.5549999999999998e-05,3.0,0.1682153083318545,0.08410765416592725,-0.08410765416592725,0.1682153083318545,0.88,1.0,0.0482153083318545,0.05887535791614907,0.2018583699982254,0.0
2.56e-05,3.0,0.1677841918293914,0.0838920959146957,-0.0838920959146957,0.1677841918293914,0.88,1.0,0.04778419182939139,0.05872446714028698,0.20134103019526967,0.0
2.565e-05,3.0,0.16735447197329936,0.08367723598664968,-0.08367723598664968,0.16735447197329936,0.88,1.0,0.04735447197329937,0.05857406519065477,0.20082536636795922,0.0
2.5699999999999998e-05,3.0,0.16692614303697084,0.08346307151848542,-0.08346307151848542,0.16692614303697084,0.88,1.0,0.04692614303697085,0.05842415006293979,0.20031137164436502,0.0
2.575e-05,3.0,0.16649919932391413,0.08324959966195707,-0.08324959966195707,0.16649919932391413,0.88,1.0,0.04649919932391414,0.05827471976336994,0.19979903918869696,0.0
2.58e-05,3.0,0.1660736351675476,0.0830368175837738,-0.0830368175837738,0.1660736351675476,0.88,1.0,0.046073635167547616,0.05812577230864166,0.19928836220105714,0.0
2.5849999999999998e-05,3.0,0.1656494449309949,0.08282472246549745,-0.08282472246549745,0.1656494449309949,0.88,1.0,0.045649444930994904,0.05797730572584821,0.19877933391719388,0.0
2.59e-05,3.0,0.1652266230068828,0.0826133115034414,-0.0826133115034414,0.1652266230068828,0.88,1.0,0.04522662300688279,0.05782931805240897,0.19827194760825934,0.0
2.5949999999999997e-05,3.0,0.16480516381714022,0.08240258190857011,-0.08240258190857011,0.16480516381714022,0.88,1.0,0.044805163817140226,0.05768180733599907,0.19776619658056827,0.0
2.6e-05,3.0,0.16438506181279955,0.08219253090639977,-0.08219253090639977,0.16438506181279955,0.88,1.0,0.04438506181279955,0.057534771634479835,0.19726207417535946,0.0
2.605e-05,3.0,0.16396631147379903,0.08198315573689952,-0.08198315573689952,0.16396631147379903,0.88,1.0,0.043966311473799036,0.05738820901582966,0.19675957376855885,0.0
2.6099999999999997e-05,3.0,0.16354890730878752,0.08177445365439376,-0.08177445365439376,0.16354890730878752,0.88,1.0,0.04354890730878752,0.05724211755807563,0.19625868877054503,0.0
2.615e-05,3.0,0.1631328438549307,0.08156642192746535,-0.08156642192746535,0.1631328438549307,0.88,1.0,0.043132843854930714,0.05709649534922574,0.19575941262591684,0.0
2.62e-05,3.0,0.162718115677719,0.0813590578388595,-0.0813590578388595,0.162718115677719,0.88,1.0,0.04271811567771899,0.05695134048720164,0.19526173881326278,0.0
2.6249999999999998e-05,3.0,0.16230471737077679,0.08115235868538839,-0.08115235868538839,0.16230471737077679,0.88,1.0,0.04230471737077679,0.05680665107977187,0.19476566084493213,0.0
2.63e-05,3.0,0.1618926435556741,0.08094632177783705,-0.08094632177783705,0.1618926435556741,0.88,1.0,0.0418926435556741,0.05666242524448593,0.1942711722668089,0.0
2.635e-05,3.0,0.1614818888817393,0.08074094444086966,-0.08074094444086966,0.1614818888817393,0.88,1.0,0.041481888881739315,0.05651866110860875,0.19377826665808717,0.0
2.6399999999999998e-05,3.0,0.1610724480258734,0.0805362240129367,-0.0805362240129367,0.1610724480258734,0.88,1.0,0.0410724480258734,0.056375356809055685,0.19328693763104807,0.0
2.645e-05,3.0,0.16066431569236628,0.08033215784618314,-0.08033215784618314,0.16066431569236628,0.88,1.0,0.04066431569236628,0.05623251049232819,0.19279717883083952,0.0
2.65e-05,3.0,0.1602574866127142,0.0801287433063571,-0.0801287433063571,0.1602574866127142,0.88,1.0,0.040257486612714194,0.05609012031444996,0.19230898393525703,0.0
2.6549999999999998e-05,3.0,0.15985195554543935,0.07992597777271968,-0.07992597777271968,0.15985195554543935,0.88,1.0,0.039851955545439355,0.05594818444090377,0.19182234665452721,0.0
2.66e-05,3.0,0.15944771727591014,0.07972385863795507,-0.07972385863795507,0.15944771727591014,0.88,1.0,0.03944771727591015,0.05580670104656855,0.19133726073109217,0.0
2.6649999999999997e-05,3.0,0.15904476661616387,0.07952238330808194,-0.07952238330808194,0.15904476661616387,0.88,1.0,0.03904476661616388,0.05566566831565735,0.19085371993939665,0.0
2.67e-05,3.0,0.1586430984047303,0.07932154920236514,-0.07932154920236514,0.1586430984047303,0.88,1.0,0.03864309840473029,0.055525084441655596,0.19037171808567635,0.0
2.675e-05,3.0,0.1582427075064571,0.07912135375322855,-0.07912135375322855,0.1582427075064571,0.88,1.0,0.03824270750645711,0.055384947627259984,0.18989124900774854,0.0
2.6799999999999998e-05,3.0,0.15784358881233665,0.07892179440616832,-0.07892179440616832,0.15784358881233665,0.88,1.0,0.037843588812336654,0.05524525608431782,0.18941230657480398,0.0
2.685e-05,3.0,0.15744573723933394,0.07872286861966697,-0.07872286861966697,0.15744573723933394,0.88,1.0,0.03744573723933395,0.055106008033766876,0.18893488468720074,0.0
2.69e-05,3.0,0.15704914773021686,0.07852457386510843,-0.07852457386510843,0.15704914773021686,0.88,1.0,0.037049147730216864,0.0549672017055759,0.18845897727626024,0.0
2.6949999999999998e-05,3.0,0.1566538152533871,0.07832690762669355,-0.07832690762669355,0.1566538152533871,0.88,1.0,0.036653815253387095,0.054828835338685475,0.1879845783040645,0.0
2.7e-05,3.0,0.15625973480271235,0.07812986740135618,-0.07812986740135618,0.15625973480271235,0.88,1.0,0.03625973480271236,0.05469090718094932,0.18751168176325483,0.0
2.705e-05,3.0,0.15586690139736076,0.07793345069868038,-0.07793345069868038,0.15586690139736076,0.88,1.0,0.03586690139736076,0.05455341548907626,0.1870402816768329,0.0
2.7099999999999998e-05,3.0,0.15547531008163618,0.07773765504081809,-0.07773765504081809,0.15547531008163618,0.88,1.0,0.03547531008163618,0.054416358528572656,0.1865703720979634,0.0
2.715e-05,3.0,0.1550849559248147,0.07754247796240735,-0.07754247796240735,0.1550849559248147,0.88,1.0,0.0350849559248147,0.05427973457368514,0.18610194710977762,0.0
2.7199999999999997e-05,3.0,0.154695834020983,0.0773479170104915,-0.0773479170104915,0.154695834020983,0.88,1.0,0.034695834020983,0.054143541907344044,0.18563500082517959,0.0
2.7249999999999998e-05,3.0,0.15430793948887758,0.07715396974443879,-0.07715396974443879,0.15430793948887758,0.88,1.0,0.03430793948887759,0.054007778821107154,0.1851695273866531,0.0
2.73e-05,3.0,0.15392126747172583,0.07696063373586291,-0.07696063373586291,0.15392126747172583,0.88,1.0,0.03392126747172583,0.053872443615104036,0.18470552096607099,0.0
2.7349999999999997e-05,3.0,0.15353581313708775,0.07676790656854388,-0.07676790656854388,0.15353581313708775,0.88,1.0,0.033535813137087755,0.05373753459798071,0.1842429757645053,0.0
2.74e-05,3.0,0.15315157167669957,0.07657578583834979,-0.07657578583834979,0.15315157167669957,0.88,1.0,0.033151571676699576,0.05360305008684485,0.18378188601203949,0.0
2.745e-05,3.0,0.15276853830631873,0.07638426915315936,-0.07638426915315936,0.15276853830631873,0.88,1.0,0.032768538306318734,0.05346898840721155,0.18332224596758248,0.0
2.7499999999999998e-05,3.0,0.1523867082655692,0.0761933541327846,-0.0761933541327846,0.1523867082655692,0.88,1.0,0.03238670826556919,0.05333534789294921,0.18286404991868302,0.0
2.755e-05,3.0,0.15200607681778922,0.07600303840889461,-0.07600303840889461,0.15200607681778922,0.88,1.0,0.03200607681778922,0.05320212688622622,0.18240729218134705,0.0
2.76e-05,3.0,0.15162663924987987,0.07581331962493994,-0.07581331962493994,0.15162663924987987,0.88,1.0,0.03162663924987988,0.05306932373745795,0.18195196709985584,0.0
2.7649999999999998e-05,3.0,0.15124839087215433,0.07562419543607717,-0.07562419543607717,0.15124839087215433,0.88,1.0,0.031248390872154336,0.05293693680525401,0.1814980690465852,0.0
2.77e-05,3.0,0.15087132701818942,0.07543566350909471,-0.07543566350909471,0.15087132701818942,0.88,1.0,0.030871327018189426,0.052804964456366295,0.1810455924218273,0.0
2.775e-05,3.0,0.15049544304467732,0.07524772152233866,-0.07524772152233866,0.15049544304467732,0.88,1.0,0.03049544304467733,0.05267340506563706,0.18059453165361278,0.0
2.7799999999999998e-05,3.0,0.15012073433127926,0.07506036716563963,-0.07506036716563963,0.15012073433127926,0.88,1.0,0.030120734331279264,0.05254225701594774,0.1801448811975351,0.0
2.785e-05,3.0,0.14974719628047986,0.07487359814023993,-0.07487359814023993,0.14974719628047986,0.88,1.0,0.029747196280479865,0.05241151869816795,0.17969663553657583,0.0
2.7899999999999997e-05,3.0,0.1493748243174432,0.0746874121587216,-0.0746874121587216,0.1493748243174432,0.88,1.0,0.029374824317443204,0.052281188511105116,0.17924978918093185,0.0
2.795e-05,3.0,0.14900361388986946,0.07450180694493473,-0.07450180694493473,0.14900361388986946,0.88,1.0,0.029003613889869467,0.052151264861454306,0.17880433666784334,0.0
2.8e-05,3.0,0.14863356046785295,0.07431678023392647,-0.07431678023392647,0.14863356046785295,0.88,1.0,0.028633560467852953,0.05202174616374853,0.17836027256142353,0.0
2.8049999999999997e-05,3.0,0.1482646595437419,0.07413232977187095,-0.07413232977187095,0.1482646595437419,0.88,1.0,0.02826465954374191,0.051892630840309664,0.17791759145249028,0.0
2.81e-05,3.0,0.14789690663199795,0.07394845331599897,-0.07394845331599897,0.14789690663199795,0.88,1.0,0.027896906631997953,0.05176391732119928,0.17747628795839754,0.0
2.815e-05,3.0,0.1475302972690582,0.0737651486345291,-0.0737651486345291,0.1475302972690582,0.88,1.0,0.0275302972690582,0.05163560404417036,0.17703635672286983,0.0
2.8199999999999998e-05,3.0,0.1471648270131979,0.07358241350659896,-0.07358241350659896,0.1471648270131979,0.88,1.0,0.027164827013197917,0.05150768945461927,0.1765977924158375,0.0
2.825e-05,3.0,0.14680049144439364,0.07340024572219682,-0.07340024572219682,0.14680049144439364,0.88,1.0,0.026800491444393643,0.05138017200553777,0.17616058973327237,0.0
2.83e-05,3.0,0.1464372861641885,0.07321864308209425,-0.07321864308209425,0.1464372861641885,0.88,1.0,0.0264372861641885,0.05125305015746597,0.1757247433970262,0.0
2.8349999999999998e-05,3.0,0.1460752067955577,0.07303760339777884,-0.07303760339777884,0.1460752067955577,0.88,1.0,0.026075206795557693,0.05112632237844519,0.17529024815466923,0.0
2.84e-05,3.0,0.14571424898277563,0.07285712449138781,-0.07285712449138781,0.14571424898277563,0.88,1.0,0.025714248982775634,0.05099998714397147,0.17485709877933076,0.0
2.845e-05,3.0,0.14535440839128383,0.07267720419564191,-0.07267720419564191,0.14535440839128383,0.88,1.0,0.025354408391283834,0.05087404293694934,0.1744252900695406,0.0
2.8499999999999998e-05,3.0,0.1449956807075599,0.07249784035377994,-0.07249784035377994,0.1449956807075599,0.88,1.0,0.024995680707559892,0.05074848824764596,0.17399481684907186,0.0
2.855e-05,3.0,0.1446380616389874,0.0723190308194937,-0.0723190308194937,0.1446380616389874,0.88,1.0,0.024638061638987407,0.05062332157364559,0.17356567396678488,0.0
2.8599999999999997e-05,3.0,0.14428154691372758,0.07214077345686379,-0.07214077345686379,0.14428154691372758,0.88,1.0,0.02428154691372758,0.05049854141980465,0.1731378562964731,0.0
2.865e-05,3.0,0.14392613228059045,0.07196306614029523,-0.07196306614029523,0.14392613228059045,0.88,1.0,0.023926132280590456,0.050374146298206655,0.17271135873670854,0.0
2.87e-05,3.0,0.14357181350890877,0.07178590675445438,-0.07178590675445438,0.14357181350890877,0.88,1.0,0.023571813508908773,0.05025013472811807,0.17228617621069053,0.0
2.8749999999999997e-05,3.0,0.14321858638841178,0.07160929319420589,-0.07160929319420589,0.14321858638841178,0.88,1.0,0.023218586388411788,0.05012650523594412,0.17186230366609415,0.0
2.88e-05,3.0,0.14286644672909993,0.07143322336454996,-0.07143322336454996,0.14286644672909993,0.88,1.0,0.022866446729099932,0.050003256355184975,0.1714397360749199,0.0
2.885e-05,3.0,0.1425153903611216,0.0712576951805608,-0.0712576951805608,0.1425153903611216,0.88,1.0,0.0225153903611216,0.049880386626392555,0.17101846843334592,0.0
2.8899999999999998e-05,3.0,0.14216541313464962,0.07108270656732481,-0.07108270656732481,0.14216541313464962,0.88,1.0,0.02216541313464962,0.049757894597127365,0.17059849576157954,0.0
2.895e-05,3.0,0.14181651091975944,0.07090825545987972,-0.07090825545987972,0.14181651091975944,0.88,1.0,0.021816510919759446,0.049635778821915805,0.17017981310371133,0.0
2.9e-05,3.0,0.14146867960630763,0.07073433980315381,-0.07073433980315381,0.14146867960630763,0.88,1.0,0.021468679606307634,0.04951403786220767,0.16976241552756915,0.0
2.9049999999999998e-05,3.0,0.1411219151038127,0.07056095755190635,-0.07056095755190635,0.1411219151038127,0.88,1.0,0.0211219151038127,0.04939267028633444,0.16934629812457525,0.0
2.91e-05,3.0,0.14077621334133464,0.07038810667066732,-0.07038810667066732,0.14077621334133464,0.88,1.0,0.020776213341334643,0.04927167466946712,0.16893145600960158,0.0
2.9149999999999997e-05,3.0,0.1404315702673576,0.0702157851336788,-0.0702157851336788,0.1404315702673576,0.88,1.0,0.02043157026735762,0.04915104959357516,0.16851788432082915,0.0
2.9199999999999998e-05,3.0,0.14008798184967183,0.07004399092483592,-0.07004399092483592,0.14008798184967183,0.88,1.0,0.020087981849671838,0.04903079364738514,0.1681055782196062,0.0
2.925e-05,3.0,0.1397454440752578,0.0698727220376289,-0.0698727220376289,0.1397454440752578,0.88,1.0,0.0197454440752578,0.048910905426340225,0.16769453289030936,0.0
2.9299999999999997e-05,3.0,0.13940395295016994,0.06970197647508497,-0.06970197647508497,0.13940395295016994,0.88,1.0,0.019403952950169945,0.048791383532559476,0.16728474354020392,0.0
2.935e-05,3.0,0.1390635044994223,0.06953175224971116,-0.06953175224971116,0.1390635044994223,0.88,1.0,0.019063504499422318,0.048672226574797806,0.16687620539930678,0.0
2.94e-05,3.0,0.13872409476687503,0.06936204738343751,-0.06936204738343751,0.13872409476687503,0.88,1.0,0.018724094766875032,0.048553433168406254,0.16646891372025002,0.0
2.9449999999999998e-05,3.0,0.1383857198151206,0.0691928599075603,-0.0691928599075603,0.1383857198151206,0.88,1.0,0.018385719815120605,0.04843500193529221,0.16606286377814472,0.0
2.95e-05,3.0,0.13804837572537237,0.06902418786268619,-0.06902418786268619,0.13804837572537237,0.88,1.0,0.01804837572537238,0.04831693150388033,0.16565805087044685,0.0
2.955e-05,3.0,0.137712058597353,0.0688560292986765,-0.0688560292986765,0.137712058597353,0.88,1.0,0.017712058597353003,0.04819922050907355,0.1652544703168236,0.0
2.9599999999999998e-05,3.0,0.13737676454918432,0.06868838227459216,-0.06868838227459216,0.13737676454918432,0.88,1.0,0.017376764549184326,0.04808186759221451,0.16485211745902117,0.0
2.965e-05,3.0,0.1370424897172773,0.06852124485863866,-0.06852124485863866,0.1370424897172773,0.88,1.0,0.017042489717277315,0.047964871401047056,0.16445098766073277,0.0
2.97e-05,3.0,0.13670923025622375,0.06835461512811188,-0.06835461512811188,0.13670923025622375,0.88,1.0,0.016709230256223756,0.04784823058967831,0.1640510763074685,0.0
2.9749999999999998e-05,3.0,0.13637698233868806,0.06818849116934403,-0.06818849116934403,0.13637698233868806,0.88,1.0,0.016376982338688062,0.04773194381854082,0.16365237880642566,0.0
2.98e-05,3.0,0.1360457421553004,0.0680228710776502,-0.0680228710776502,0.1360457421553004,0.88,1.0,0.016045742155300413,0.04761600975435514,0.1632548905863605,0.0
2.9849999999999997e-05,3.0,0.13571550591455012,0.06785775295727506,-0.06785775295727506,0.13571550591455012,0.88,1.0,0.01571550591455012,0.04750042707009254,0.16285860709746014,0.0
2.99e-05,3.0,0.1353862698426802,0.0676931349213401,-0.0676931349213401,0.1353862698426802,0.88,1.0,0.015386269842680211,0.04738519444493807,0.16246352381121626,0.0
2.995e-05,3.0,0.13505803018358295,0.06752901509179147,-0.06752901509179147,0.13505803018358295,0.88,1.0,0.015058030183582954,0.04727031056425403,0.16206963622029955,0.0
2.9999999999999997e-05,3.0,0.13473078319869558,0.06736539159934779,-0.06736539159934779,0.13473078319869558,0.88,1.0,0.014730783198695585,0.04715577411954345,0.1616769398384347,0.0
3.005e-05,3.0,0.1344045251668972,0.0672022625834486,-0.0672022625834486,0.1344045251668972,0.88,1.0,0.014404525166897192,0.047041583808414014,0.16128543020027664,0.0
3.01e-05,3.0,0.1340792523844065,0.06703962619220324,-0.06703962619220324,0.1340792523844065,0.88,1.0,0.014079252384406493,0.046927738334542266,0.16089510286128778,0.0
3.0149999999999998e-05,3.0,0.13375496116468005,0.06687748058234003,-0.06687748058234003,0.13375496116468005,0.88,1.0,0.013754961164680057,0.046814236407638016,0.16050595339761606,0.0
3.02e-05,3.0,0.13343164783831146,0.06671582391915573,-0.06671582391915573,0.13343164783831146,0.88,1.0,0.013431647838311467,0.04670107674340901,0.16011797740597375,0.0
3.025e-05,3.0,0.13310930875293087,0.06655465437646543,-0.06655465437646543,0.13310930875293087,0.88,1.0,0.01310930875293087,0.0465882580635258,0.15973117050351704,0.0
3.0299999999999998e-05,3.0,0.13278794027310634,0.06639397013655317,-0.06639397013655317,0.13278794027310634,0.88,1.0,0.01278794027310634,0.046475779095587214,0.1593455283277276,0.0
3.035e-05,3.0,0.13246753878024423,0.06623376939012211,-0.06623376939012211,0.13246753878024423,0.88,1.0,0.01246753878024423,0.046363638573085474,0.15896104653629306,0.0
3.04e-05,3.0,0.13214810067249194,0.06607405033624597,-0.06607405033624597,0.13214810067249194,0.88,1.0,0.012148100672491946,0.04625183523537218,0.15857772080699034,0.0
3.0449999999999998e-05,3.0,0.13182962236464052,0.06591481118232026,-0.06591481118232026,0.13182962236464052,0.88,1.0,0.011829622364640524,0.04614036782762418,0.15819554683756862,0.0
3.05e-05,3.0,0.13151210028802798,0.06575605014401399,-0.06575605014401399,0.13151210028802798,0.88,1.0,0.011512100288027988,0.04602923510080979,0.1578145203456336,0.0
3.055e-05,3.0,0.13119553089044364,0.06559776544522182,-0.06559776544522182,0.13119553089044364,0.88,1.0,0.011195530890443645,0.04591843581165527,0.15743463706853236,0.0
3.06e-05,3.0,0.13087991063603302,0.06543995531801651,-0.06543995531801651,0.13087991063603302,0.88,1.0,0.010879910636033024,0.04580796872261155,0.1570558927632396,0.0
3.065e-05,3.0,0.13056523600520326,0.06528261800260163,-0.06528261800260163,0.13056523600520326,0.88,1.0,0.01056523600520326,0.045697832601821135,0.1566782832062439,0.0
3.07e-05,3.0,0.1302515034945297,0.06512575174726486,-0.06512575174726486,0.1302515034945297,0.88,1.0,0.010251503494529718,0.045588026223085394,0.15630180419343565,0.0
3.0749999999999995e-05,3.0,0.12993870961666276,0.06496935480833138,-0.06496935480833138,0.12993870961666276,0.88,1.0,0.009938709616662766,0.04547854836583196,0.15592645153999532,0.0
3.0799999999999996e-05,3.0,0.12962685090023512,0.06481342545011756,-0.06481342545011756,0.12962685090023512,0.88,1.0,0.009626850900235129,0.04536939781508229,0.15555222108028216,0.0
3.085e-05,3.0,0.12931592388977062,0.06465796194488531,-0.06465796194488531,0.12931592388977062,0.88,1.0,0.009315923889770622,0.04526057336141971,0.15517910866772475,0.0
3.09e-05,3.0,0.129005925145593,0.0645029625727965,-0.0645029625727965,0.129005925145593,0.88,1.0,0.009005925145593008,0.04515207380095755,0.1548071101747116,0.0
3.095e-05,3.0,0.12869685124373545,0.06434842562186772,-0.06434842562186772,0.12869685124373545,0.88,1.0,0.008696851243735454,0.04504389793530741,0.15443622149248254,0.0
3.1e-05,3.0,0.12838869877585088,0.06419434938792544,-0.06419434938792544,0.12838869877585088,0.88,1.0,0.008388698775850884,0.044936044571547804,0.15406643853102106,0.0
3.1049999999999996e-05,3.0,0.12808146434912304,0.06404073217456152,-0.06404073217456152,0.12808146434912304,0.88,1.0,0.008081464349123046,0.04482851252219306,0.15369775721894766,0.0
3.11e-05,3.0,0.1277751445861778,0.0638875722930889,-0.0638875722930889,0.1277751445861778,0.88,1.0,0.007775144586177812,0.04472130060516223,0.15333017350341338,0.0
3.115e-05,3.0,0.12746973612499543,0.06373486806249772,-0.06373486806249772,0.12746973612499543,0.88,1.0,0.007469736124995435,0.0446144076437484,0.15296368334999452,0.0
3.12e-05,3.0,0.1271652356188237,0.06358261780941185,-0.06358261780941185,0.1271652356188237,0.88,1.0,0.0071652356188237065,0.04450783246658829,0.15259828274258844,0.0
3.125e-05,3.0,0.1268616397360907,0.06343081986804534,-0.06343081986804534,0.1268616397360907,0.88,1.0,0.006861639736090691,0.04440157390763174,0.15223396768330882,0.0
3.13e-05,3.0,0.12655894516031954,0.06327947258015977,-0.06327947258015977,0.12655894516031954,0.88,1.0,0.006558945160319546,0.04429563080611184,0.15187073419238345,0.0
3.1349999999999996e-05,3.0,0.12625714859004272,0.06312857429502136,-0.06312857429502136,0.12625714859004272,0.88,1.0,0.006257148590042727,0.04419000200651495,0.15150857830805126,0.0
3.14e-05,3.0,0.12595624673871736,0.06297812336935868,-0.06297812336935868,0.12595624673871736,0.88,1.0,0.005956246738717363,0.044084686358551076,0.15114749608646083,0.0
3.145e-05,3.0,0.1256562363346411,0.06282811816732055,-0.06282811816732055,0.1256562363346411,0.88,1.0,0.0056562363346411015,0.04397968271712438,0.15078748360156932,0.0
3.15e-05,3.0,0.12535711412086875,0.06267855706043438,-0.06267855706043438,0.12535711412086875,0.88,1.0,0.005357114120868756,0.04387498994230406,0.1504285369450425,0.0
3.155e-05,3.0,0.12505887685512915,0.06252943842756457,-0.06252943842756457,0.12505887685512915,0.88,1.0,0.005058876855129152,0.0437706068992952,0.15007065222615498,0.0
3.1599999999999996e-05,3.0,0.12476152130974291,0.062380760654871456,-0.062380760654871456,0.12476152130974291,0.88,1.0,0.0047615213097429165,0.04366653245841002,0.1497138255716915,0.0
3.165e-05,3.0,0.12446504427154054,0.06223252213577027,-0.06223252213577027,0.12446504427154054,0.88,1.0,0.004465044271540541,0.04356276549503919,0.14935805312584866,0.0
3.17e-05,3.0,0.1241694425417814,0.0620847212708907,-0.0620847212708907,0.1241694425417814,0.88,1.0,0.004169442541781407,0.04345930488962349,0.1490033310501377,0.0
3.175e-05,3.0,0.12387471293607286,0.06193735646803643,-0.06193735646803643,0.12387471293607286,0.88,1.0,0.0038747129360728605,0.043356149527625495,0.14864965552328743,0.0
3.18e-05,3.0,0.12358085228429057,0.061790426142145284,-0.061790426142145284,0.12358085228429057,0.88,1.0,0.0035808522842905727,0.0432532982995017,0.1482970227411487,0.0
3.185e-05,3.0,0.12328785743049862,0.06164392871524931,-0.06164392871524931,0.12328785743049862,0.88,1.0,0.003287857430498628,0.04315075010067452,0.14794542891659834,0.0
3.1899999999999996e-05,3.0,0.12299572523287076,0.06149786261643538,-0.06149786261643538,0.12299572523287076,0.88,1.0,0.002995725232870769,0.04304850383150476,0.14759487027944493,0.0
3.195e-05,3.0,0.12270445256361179,0.061352226281805894,-0.061352226281805894,0.12270445256361179,0.88,1.0,0.002704452563611792,0.04294655839726412,0.14724534307633413,0.0
3.2e-05,3.0,0.12241403630888023,0.061207018154440115,-0.061207018154440115,0.12241403630888023,0.88,1.0,0.0024140363088802352,0.04284491270810808,0.14689684357065627,0.0
3.205e-05,3.0,0.12212447336871027,0.061062236684355134,-0.061062236684355134,0.12212447336871027,0.88,1.0,0.0021244733687102724,0.04274356567904859,0.14654936804245233,0.0
3.21e-05,3.0,0.12183576065693559,0.060917880328467795,-0.060917880328467795,0.12183576065693559,0.88,1.0,0.001835760656935595,0.04264251622992746,0.1462029127883227,0.0
3.2149999999999995e-05,3.0,0.121547895101113,0.0607739475505565,-0.0607739475505565,0.121547895101113,0.88,1.0,0.0015478951011130004,0.04254176328538955,0.1458574741213356,0.0
3.22e-05,3.0,0.12126087364244623,0.06063043682122311,-0.06063043682122311,0.12126087364244623,0.88,1.0,0.0012608736424462308,0.04244130577485618,0.14551304837093548,0.0
3.225e-05,3.0,0.12097469323571147,0.060487346617855736,-0.060487346617855736,0.12097469323571147,0.88,1.0,0.0009746932357114768,0.04234114263249901,0.14516963188285376,0.0
3.23e-05,3.0,0.12068935084918231,0.060344675424591154,-0.060344675424591154,0.12068935084918231,0.88,1.0,0.000689350849182313,0.042241272797213805,0.14482722101901876,0.0
3.235e-05,3.0,0.12040484346455547,0.06020242173227774,-0.06020242173227774,0.12040484346455547,0.88,1.0,0.00040484346455547937,0.042141695212594414,0.1444858121574666,0.0
3.24e-05,3.0,0.12012116807687738,0.06006058403843869,-0.06006058403843869,0.12012116807687738,0.88,1.0,0.00012116807687738429,0.04204240882690708,0.14414540169225287,0.0
3.2449999999999996e-05,3.0,0.11983832169447091,0.059919160847235454,-0.059919160847235454,0.11983832169447091,0.88,1.0,-0.00016167830552908657,0.04194341259306482,0.14380598603336509,1.0
3.25e-05,3.0,0.11955630133886268,0.05977815066943134,-0.05977815066943134,0.11955630133886268,0.88,1.0,-0.0004436986611373178,0.04184470546860194,0.1434675616066352,1.0
3.255e-05,3.0,0.11927510404471114,0.05963755202235557,-0.05963755202235557,0.11927510404471114,0.88,1.0,-0.0007248959552888512,0.0417462864156489,0.14313012485365337,1.0
3.26e-05,3.0,0.11899472685973457,0.059497363429867285,-0.059497363429867285,0.11899472685973457,0.88,1.0,-0.0010052731402654252,0.0416481544009071,0.1427936722316815,1.0
3.265e-05,3.0,0.11871516684464006,0.05935758342232003,-0.05935758342232003,0.11871516684464006,0.88,1.0,-0.0012848331553599324,0.04155030839562402,0.1424582002135681,1.0
3.2699999999999995e-05,3.0,0.11843642107305302,0.05921821053652651,-0.05921821053652651,0.11843642107305302,0.88,1.0,-0.0015635789269469735,0.041452747375568554,0.14212370528766363,1.0
3.2749999999999996e-05,3.0,0.11815848663144665,0.059079243315723326,-0.059079243315723326,0.11815848663144665,0.88,1.0,-0.0018415133685533436,0.041355470321006324,0.141790183957736,1.0
3.28e-05,3.0,0.11788136061907226,0.05894068030953613,-0.05894068030953613,0.11788136061907226,0.88,1.0,-0.0021186393809277393,0.041258476216675284,0.1414576327428867,1.0
3.285e-05,3.0,0.11760504014789028,0.05880252007394514,-0.05880252007394514,0.11760504014789028,0.88,1.0,-0.002394959852109718,0.04116176405176159,0.14112604817746832,1.0
3.29e-05,3.0,0.11732952234250098,0.05866476117125049,-0.05866476117125049,0.11732952234250098,0.88,1.0,-0.002670477657499018,0.04106533281987534,0.14079542681100118,1.0
3.295e-05,3.0,0.11705480434007688,0.05852740217003844,-0.05852740217003844,0.11705480434007688,0.88,1.0,-0.002945195659923114,0.040969181519026905,0.14046576520809226,1.0
3.2999999999999996e-05,3.0,0.11678088329029404,0.05839044164514702,-0.05839044164514702,0.11678088329029404,0.88,1.0,-0.0032191167097059548,0.040873309151602914,0.14013705994835285,1.0
3.305e-05,3.0,0.11650775635526515,0.05825387817763258,-0.05825387817763258,0.11650775635526515,0.88,1.0,-0.003492243644734841,0.0407777147243428,0.13980930762631819,1.0
3.31e-05,3.0,0.11623542070947253,0.058117710354736264,-0.058117710354736264,0.11623542070947253,0.88,1.0,-0.003764579290527467,0.040682397248315384,0.13948250485136704,1.0
3.315e-05,3.0,0.11596387353970132,0.05798193676985066,-0.05798193676985066,0.11596387353970132,0.88,1.0,-0.004036126460298675,0.04058735573889546,0.1391566482476416,1.0
3.32e-05,3.0,0.11569311204497386,0.05784655602248693,-0.05784655602248693,0.11569311204497386,0.88,1.0,-0.004306887955026137,0.04049258921574085,0.13883173445396862,1.0
3.325e-05,3.0,0.11542313343648372,0.05771156671824186,-0.05771156671824186,0.11542313343648372,0.88,1.0,-0.004576866563516274,0.0403980967027693,0.13850776012378047,1.0
3.3299999999999996e-05,3.0,0.11515393493753069,0.057576967468765346,-0.057576967468765346,0.11515393493753069,0.88,1.0,-0.004846065062469304,0.04030387722813574,0.13818472192503684,1.0
3.335e-05,3.0,0.11488551378345582,0.05744275689172791,-0.05744275689172791,0.11488551378345582,0.88,1.0,-0.005114486216544173,0.04020992982420953,0.13786261654014698,1.0
3.34e-05,3.0,0.11461786722157735,0.057308933610788676,-0.057308933610788676,0.11461786722157735,0.88,1.0,-0.005382132778422644,0.04011625352755207,0.13754144066589283,1.0
3.345e-05,3.0,0.11435099251112668,0.05717549625556334,-0.05717549625556334,0.11435099251112668,0.88,1.0,-0.005649007488873314,0.04002284737889433,0.137221191013352,1.0
3.35e-05,3.0,0.11408488692318479,0.057042443461592394,-0.057042443461592394,0.11408488692318479,0.88,1.0,-0.005915113076815207,0.039929710423114675,0.13690186430782175,1.0
3.3549999999999996e-05,3.0,0.11381954774061948,0.05690977387030974,-0.05690977387030974,0.11381954774061948,0.88,1.0,-0.00618045225938052,0.039836841709216815,0.13658345728874338,1.0
3.36e-05,3.0,0.11355497225802227,0.05677748612901114,-0.05677748612901114,0.11355497225802227,0.88,1.0,-0.006445027741977721,0.03974424029030779,0.13626596670962673,1.0
3.365e-05,3.0,0.11329115778164678,0.05664557889082339,-0.05664557889082339,0.11329115778164678,0.88,1.0,-0.006708842218353217,0.03965190522357637,0.13594938933797612,1.0
3.37e-05,3.0,0.11302810162934637,0.056514050814673186,-0.056514050814673186,0.11302810162934637,0.88,1.0,-0.006971898370653623,0.03955983557027123,0.13563372195521564,1.0
3.375e-05,3.0,0.11276580113051302,0.05638290056525651,-0.05638290056525651,0.11276580113051302,0.88,1.0,-0.00723419886948698,0.03946803039567955,0.1353189613566156,1.0
3.38e-05,3.0,0.1125042536260162,0.0562521268130081,-0.0562521268130081,0.1125042536260162,0.88,1.0,-0.0074957463739838,0.03937648876910567,0.13500510435121943,1.0
3.3849999999999996e-05,3.0,0.11224345646814246,0.05612172823407123,-0.05612172823407123,0.11224345646814246,0.88,1.0,-0.007756543531857535,0.03928520976384986,0.13469214776177096,1.0
3.39e-05,3.0,0.11198340702053465,0.055991703510267325,-0.055991703510267325,0.11198340702053465,0.88,1.0,-0.008016592979465345,0.039194192457187124,0.13438008842464158,1.0
3.395e-05,3.0,0.11172410265813314,0.05586205132906657,-0.05586205132906657,0.11172410265813314,0.88,1.0,-0.008275897341866859,0.0391034359303466,0.13406892318975977,1.0
3.4e-05,3.0,0.11146554076711533,0.055732770383557666,-0.055732770383557666,0.11146554076711533,0.88,1.0,-0.008534459232884664,0.039012939268490365,0.1337586489205384,1.0
3.405e-05,3.0,0.11120771874483712,0.05560385937241856,-0.05560385937241856,0.11120771874483712,0.88,1.0,-0.008792281255162876,0.03892270156069299,0.13344926249380454,1.0
3.4099999999999995e-05,3.0,0.11095063399977441,0.055475316999887204,-0.055475316999887204,0.11095063399977441,0.88,1.0,-0.009049366000225587,0.03883272189992104,0.1331407607997293,1.0
3.4149999999999997e-05,3.0,0.11069428395146431,0.05534714197573216,-0.05534714197573216,0.11069428395146431,0.88,1.0,-0.009305716048535681,0.03874299938301251,0.13283314074175717,1.0
3.42e-05,3.0,0.11043866603044773,0.055219333015223866,-0.055219333015223866,0.11043866603044773,0.88,1.0,-0.009561333969552263,0.0386535331106567,0.13252639923653728,1.0
3.425e-05,3.0,0.11018377767821169,0.055091888839105846,-0.055091888839105846,0.11018377767821169,0.88,1.0,-0.009816222321788304,0.03856432218737409,0.13222053321385402,1.0
3.43e-05,3.0,0.10992961634713189,0.05496480817356594,-0.05496480817356594,0.10992961634713189,0.88,1.0,-0.010070383652868109,0.03847536572149616,0.13191553961655827,1.0
3.435e-05,3.0,0.10967617950041653,0.05483808975020826,-0.05483808975020826,0.10967617950041653,0.88,1.0,-0.01032382049958347,0.03838666282514578,0.13161141540049984,1.0
3.4399999999999996e-05,3.0,0.10942346461204931,0.054711732306024656,-0.054711732306024656,0.10942346461204931,0.88,1.0,-0.010576535387950683,0.03829821261421726,0.13130815753445918,1.0
3.445e-05,3.0,0.1091714691667337,0.05458573458336685,-0.05458573458336685,0.1091714691667337,0.88,1.0,-0.010828530833266292,0.03821001420835679,0.13100576300008043,1.0
3.45e-05,3.0,0.10892019065983707,0.05446009532991854,-0.05446009532991854,0.10892019065983707,0.88,1.0,-0.011079809340162922,0.038122066730942976,0.1307042287918045,1.0
3.455e-05,3.0,0.10866962659733562,0.05433481329866781,-0.05433481329866781,0.10866962659733562,0.88,1.0,-0.011330373402664379,0.038034369309067464,0.13040355191680275,1.0
3.46e-05,3.0,0.1084197744957591,0.05420988724787955,-0.05420988724787955,0.1084197744957591,0.88,1.0,-0.011580225504240899,0.03794692107351568,0.1301037293949109,1.0
3.4649999999999995e-05,3.0,0.1081706318821363,0.05408531594106815,-0.05408531594106815,0.1081706318821363,0.88,1.0,-0.011829368117863698,0.0378597211587477,0.12980475825856355,1.0
3.4699999999999996e-05,3.0,0.1079221962939409,0.05396109814697045,-0.05396109814697045,0.1079221962939409,0.88,1.0,-0.012077803706059098,0.03777276870287931,0.12950663555272907,1.0
3.475e-05,3.0,0.10767446527903721,0.053837232639518603,-0.053837232639518603,0.10767446527903721,0.88,1.0,-0.012325534720962789,0.03768606284766302,0.12920935833484465,1.0
3.48e-05,3.0,0.10742743639562695,0.053713718197813475,-0.053713718197813475,0.10742743639562695,0.88,1.0,-0.012572563604373047,0.03759960273846943,0.12891292367475235,1.0
3.485e-05,3.0,0.10718110721219577,0.053590553606097886,-0.053590553606097886,0.10718110721219577,0.88,1.0,-0.012818892787804223,0.03751338752426852,0.12861732865463493,1.0
3.49e-05,3.0,0.1069354753074604,0.0534677376537302,-0.0534677376537302,0.1069354753074604,0.88,1.0,-0.01306452469253959,0.03742741635761114,0.1283225703689525,1.0
3.4949999999999996e-05,3.0,0.10669053827031613,0.053345269135158066,-0.053345269135158066,0.10669053827031613,0.88,1.0,-0.013309461729683864,0.03734168839461064,0.12802864592437935,1.0
3.5e-05,3.0,0.10644629369978435,0.053223146849892176,-0.053223146849892176,0.10644629369978435,0.88,1.0,-0.013553706300215643,0.037256202794924524,0.12773555243974122,1.0
3.505e-05,3.0,0.10620273920496105,0.053101369602480526,-0.053101369602480526,0.10620273920496105,0.88,1.0,-0.013797260795038943,0.03717095872173637,0.12744328704595326,1.0
3.51e-05,3.0,0.10595987240496473,0.05297993620248236,-0.05297993620248236,0.10595987240496473,0.88,1.0,-0.01404012759503527,0.03708595534173765,0.12715184688595768,1.0
3.515e-05,3.0,0.1057176909288855,0.05285884546444275,-0.05285884546444275,0.1057176909288855,0.88,1.0,-0.014282309071114496,0.03700119182510992,0.1268612291146626,1.0
3.52e-05,3.0,0.10547619241573408,0.05273809620786704,-0.05273809620786704,0.10547619241573408,0.88,1.0,-0.014523807584265913,0.03691666734550693,0.1265714308988809,1.0
3.5249999999999996e-05,3.0,0.10523537451439108,0.05261768725719554,-0.05261768725719554,0.10523537451439108,0.88,1.0,-0.014764625485608918,0.03683238108003688,0.1262824494172693,1.0
3.53e-05,3.0,0.10499523488355676,0.05249761744177838,-0.05249761744177838,0.10499523488355676,0.88,1.0,-0.015004765116443233,0.036748332209244866,0.12599428186026812,1.0
3.535e-05,3.0,0.10475577119170093,0.052377885595850465,-0.052377885595850465,0.10475577119170093,0.88,1.0,-0.015244228808299065,0.03666451991709532,0.1257069254300411,1.0
3.54e-05,3.0,0.10451698111701357,0.05225849055850679,-0.05225849055850679,0.10451698111701357,0.88,1.0,-0.015483018882986421,0.036580943390954745,0.12542037734041628,1.0
3.545e-05,3.0,0.10427886234735528,0.05213943117367764,-0.05213943117367764,0.10427886234735528,0.88,1.0,-0.015721137652644712,0.03649760182157435,0.12513463481682635,1.0
3.5499999999999996e-05,3.0,0.10404141258020813,0.052020706290104066,-0.052020706290104066,0.10404141258020813,0.88,1.0,-0.015958587419791864,0.036414494403072845,0.12484969509624975,1.0
3.555e-05,3.0,0.10380462952262696,0.05190231476131348,-0.05190231476131348,0.10380462952262696,0.88,1.0,-0.01619537047737303,0.03633162033291944,0.12456555542715236,1.0
3.56e-05,3.0,0.10356851089119117,0.05178425544559558,-0.05178425544559558,0.10356851089119117,0.88,1.0,-0.01643148910880883,0.0362489788119169,0.1242822130694294,1.0
3.565e-05,3.0,0.10333305441195623,0.05166652720597811,-0.05166652720597811,0.10333305441195623,0.88,1.0,-0.01666694558804377,0.03616656904418468,0.12399966529434747,1.0
3.57e-05,3.0,0.10309825782040608,0.05154912891020304,-0.05154912891020304,0.10309825782040608,0.88,1.0,-0.01690174217959392,0.036084390237142126,0.12371790938448729,1.0
3.575e-05,3.0,0.1028641188614055,0.05143205943070275,-0.05143205943070275,0.1028641188614055,0.88,1.0,-0.01713588113859449,0.03600244160149192,0.12343694263368661,1.0
3.5799999999999996e-05,3.0,0.1026306352891529,0.05131531764457645,-0.05131531764457645,0.1026306352891529,0.88,1.0,-0.0173693647108471,0.03592072235120351,0.12315676234698347,1.0
3.585e-05,3.0,0.10239780486713324,0.05119890243356662,-0.05119890243356662,0.10239780486713324,0.88,1.0,-0.01760219513286676,0.03583923170349663,0.12287736584055989,1.0
3.59e-05,3.0,0.1021656253680713,0.05108281268403565,-0.05108281268403565,0.1021656253680713,0.88,1.0,-0.01783437463192869,0.03575796887882495,0.12259875044168557,1.0
3.595e-05,3.0,0.10193409457388572,0.05096704728694286,-0.05096704728694286,0.10193409457388572,0.88,1.0,-0.018065905426114276,0.03567693310086,0.12232091348866286,1.0
3.6e-05,3.0,0.10170321027564247,0.050851605137821235,-0.050851605137821235,0.10170321027564247,0.88,1.0,-0.018296789724357526,0.03559612359647486,0.12204385233077096,1.0
3.6049999999999995e-05,3.0,0.10147297027350906,0.05073648513675453,-0.05073648513675453,0.10147297027350906,0.88,1.0,-0.018527029726490937,0.03551553959572817,0.12176756432821087,1.0
3.6099999999999997e-05,3.0,0.10124337237670919,0.050621686188354595,-0.050621686188354595,0.10124337237670919,0.88,1.0,-0.018756627623290806,0.03543518033184821,0.12149204685205103,1.0
3.615e-05,3.0,0.10101441440347748,0.05050720720173874,-0.05050720720173874,0.10101441440347748,0.88,1.0,-0.01898558559652251,0.035355045041217115,0.12121729728417298,1.0
3.62e-05,3.0,0.10078609418101438,0.05039304709050719,-0.05039304709050719,0.10078609418101438,0.88,1.0,-0.01921390581898562,0.03527513296335503,0.12094331301721725,1.0
3.625e-05,3.0,0.10055840954544154,0.05027920477272077,-0.05027920477272077,0.10055840954544154,0.88,1.0,-0.019441590454558455,0.035195443340904534,0.12067009145452985,1.0
3.63e-05,3.0,0.10033135834175713,0.050165679170878566,-0.050165679170878566,0.10033135834175713,0.88,1.0,-0.019668641658242864,0.035115975419614996,0.12039763001010856,1.0
3.6349999999999996e-05,3.0,0.10010493842379227,0.050052469211896135,-0.050052469211896135,0.10010493842379227,0.88,1.0,-0.019895061576207726,0.035036728448327295,0.12012592610855072,1.0
3.64e-05,3.0,0.09987914765416642,0.04993957382708321,-0.04993957382708321,0.09987914765416642,0.88,1.0,-0.02012085234583358,0.034957701678958245,0.1198549771849997,1.0
3.645e-05,3.0,0.09965398390424424,0.04982699195212212,-0.04982699195212212,0.09965398390424424,0.88,1.0,-0.02034601609575576,0.03487889436648548,0.11958478068509308,1.0
3.65e-05,3.0,0.09942944505409214,0.04971472252704607,-0.04971472252704607,0.09942944505409214,0.88,1.0,-0.020570554945907857,0.03480030576893225,0.11931533406491057,1.0
3.655e-05,3.0,0.09920552899243498,0.04960276449621749,-0.04960276449621749,0.09920552899243498,0.88,1.0,-0.020794471007565013,0.034721935147352244,0.11904663479092198,1.0
3.6599999999999995e-05,3.0,0.09898223361661358,0.04949111680830679,-0.04949111680830679,0.09898223361661358,0.88,1.0,-0.021017766383386413,0.03464378176581475,0.1187786803399363,1.0
3.6649999999999996e-05,3.0,0.09875955683254165,0.04937977841627082,-0.04937977841627082,0.09875955683254165,0.88,1.0,-0.02124044316745835,0.03456584489138957,0.11851146819904998,1.0
3.67e-05,3.0,0.09853749655466394,0.04926874827733197,-0.04926874827733197,0.09853749655466394,0.88,1.0,-0.021462503445336054,0.03448812379413238,0.11824499586559672,1.0
3.675e-05,3.0,0.09831605070591404,0.04915802535295702,-0.04915802535295702,0.09831605070591404,0.88,1.0,-0.021683949294085958,0.03441061774706991,0.11797926084709684,1.0
3.68e-05,3.0,0.09809521721767234,0.04904760860883617,-0.04904760860883617,0.09809521721767234,0.88,1.0,-0.02190478278232766,0.034333326026185315,0.1177142606612068,1.0
3.685e-05,3.0,0.09787499402972472,0.04893749701486236,-0.04893749701486236,0.09787499402972472,0.88,1.0,-0.02212500597027528,0.034256247910403645,0.11744999283566966,1.0
3.6899999999999996e-05,3.0,0.09765537909022118,0.04882768954511059,-0.04882768954511059,0.09765537909022118,0.88,1.0,-0.022344620909778817,0.03417938268157741,0.11718645490826542,1.0
3.695e-05,3.0,0.09743637035563474,0.04871818517781737,-0.04871818517781737,0.09743637035563474,0.88,1.0,-0.022563629644365257,0.03410272962447215,0.11692364442676169,1.0
3.7e-05,3.0,0.09721796579072052,0.04860898289536026,-0.04860898289536026,0.09721796579072052,0.88,1.0,-0.022782034209279475,0.03402628802675218,0.11666155894886462,1.0
3.705e-05,3.0,0.0970001633684754,0.0485000816842377,-0.0485000816842377,0.0970001633684754,0.88,1.0,-0.022999836631524592,0.03395005717896639,0.11640019604217049,1.0
3.71e-05,3.0,0.09678296107009758,0.04839148053504879,-0.04839148053504879,0.09678296107009758,0.88,1.0,-0.023217038929902414,0.03387403637453415,0.1161395532841171,1.0
3.7149999999999995e-05,3.0,0.09656635688494628,0.04828317844247314,-0.04828317844247314,0.09656635688494628,0.88,1.0,-0.02343364311505372,0.033798224909731195,0.11587962826193553,1.0
3.7199999999999996e-05,3.0,0.09635034881050222,0.04817517440525111,-0.04817517440525111,0.09635034881050222,0.88,1.0,-0.023649651189497772,0.033722622083675775,0.11562041857260266,1.0
3.725e-05,3.0,0.0961349348523278,0.0480674674261639,-0.0480674674261639,0.0961349348523278,0.88,1.0,-0.0238650651476722,0.03364722719831473,0.11536192182279335,1.0
3.73e-05,3.0,0.09592011302402781,0.047960056512013904,-0.047960056512013904,0.09592011302402781,0.88,1.0,-0.024079886975972187,0.03357203955840973,0.11510413562883337,1.0
3.735e-05,3.0,0.09570588134721025,0.04785294067360513,-0.04785294067360513,0.09570588134721025,0.88,1.0,-0.024294118652789742,0.03349705847152359,0.1148470576166523,1.0
3.74e-05,3.0,0.0954922378514473,0.04774611892572365,-0.04774611892572365,0.0954922378514473,0.88,1.0,-0.0245077621485527,0.03342228324800655,0.11459068542173675,1.0
3.7449999999999995e-05,3.0,0.09527918057423682,0.04763959028711841,-0.04763959028711841,0.09527918057423682,0.88,1.0,-0.02472081942576318,0.033347713200982884,0.11433501668908418,1.0
3.75e-05,3.0,0.09506670756096369,0.047533353780481846,-0.047533353780481846,0.09506670756096369,0.88,1.0,-0.024933292439036303,0.03327334764633729,0.11408004907315643,1.0
3.755e-05,3.0,0.09485481686486194,0.04742740843243097,-0.04742740843243097,0.09485481686486194,0.88,1.0,-0.025145183135138055,0.033199185902701676,0.11382578023783432,1.0
3.76e-05,3.0,0.09464350654697623,0.047321753273488115,-0.047321753273488115,0.09464350654697623,0.88,1.0,-0.025356493453023765,0.033125227291441676,0.11357220785637148,1.0
3.765e-05,3.0,0.09443277467612454,0.04721638733806227,-0.04721638733806227,0.09443277467612454,0.88,1.0,-0.025567225323875453,0.033051471136643584,0.11331932961134945,1.0
3.77e-05,3.0,0.0942226193288602,0.0471113096644301,-0.0471113096644301,0.0942226193288602,0.88,1.0,-0.0257773806711398,0.03297791676510107,0.11306714319463224,1.0
3.7749999999999996e-05,3.0,0.09401303858943498,0.04700651929471749,-0.04700651929471749,0.09401303858943498,0.88,1.0,-0.025986961410565015,0.03290456350630224,0.11281564630732198,1.0
3.78e-05,3.0,0.09380403054976161,0.046902015274880804,-0.046902015274880804,0.09380403054976161,0.88,1.0,-0.026195969450238388,0.03283141069241656,0.11256483665971392,1.0
3.785e-05,3.0,0.09359559330937699,0.046797796654688494,-0.046797796654688494,0.09359559330937699,0.88,1.0,-0.02640440669062301,0.03275845765828194,0.11231471197125238,1.0
3.79e-05,3.0,0.09338772497540558,0.04669386248770279,-0.04669386248770279,0.09338772497540558,0.88,1.0,-0.026612275024594415,0.03268570374139195,0.1120652699704867,1.0
3.795e-05,3.0,0.09318042366252294,0.04659021183126147,-0.04659021183126147,0.09318042366252294,0.88,1.0,-0.026819576337477058,0.032613148281883025,0.11181650839502752,1.0
3.7999999999999995e-05,3.0,0.09297368749291914,0.04648684374645957,-0.04648684374645957,0.09297368749291914,0.88,1.0,-0.02702631250708086,0.032540790622521694,0.11156842499150296,1.0
3.8049999999999997e-05,3.0,0.09276751459626333,0.04638375729813166,-0.04638375729813166,0.09276751459626333,0.88,1.0,-0.02723248540373667,0.032468630108692165,0.11132101751551599,1.0
3.81e-05,3.0,0.09256190310966719,0.046280951554833596,-0.046280951554833596,0.09256190310966719,0.88,1.0,-0.027438096890332803,0.03239666608838351,0.11107428373160064,1.0
3.815e-05,3.0,0.09235685117764994,0.04617842558882497,-0.04617842558882497,0.09235685117764994,0.88,1.0,-0.027643148822350055,0.03232489791217748,0.11082822141317993,1.0
3.82e-05,3.0,0.09215235695210233,0.046076178476051166,-0.046076178476051166,0.09215235695210233,0.88,1.0,-0.027847643047897663,0.032253324933235815,0.1105828283425228,1.0
3.825e-05,3.0,0.09194841859225197,0.04597420929612599,-0.04597420929612599,0.09194841859225197,0.88,1.0,-0.028051581407748022,0.03218194650728819,0.11033810231070237,1.0
3.8299999999999996e-05,3.0,0.09174503426462792,0.04587251713231396,-0.04587251713231396,0.09174503426462792,0.88,1.0,-0.028254965735372076,0.03211076199261977,0.1100940411175535,1.0
3.835e-05,3.0,0.09154220214302593,0.045771101071512964,-0.045771101071512964,0.09154220214302593,0.88,1.0,-0.028457797856974068,0.03203977075005907,0.10985064257163112,1.0
3.84e-05,3.0,0.09133992040847412,0.04566996020423706,-0.04566996020423706,0.09133992040847412,0.88,1.0,-0.028660079591525875,0.03196897214296594,0.10960790449016894,1.0
3.845e-05,3.0,0.09113818724919816,0.04556909362459908,-0.04556909362459908,0.09113818724919816,0.88,1.0,-0.028861812750801838,0.03189836553721935,0.10936582469903779,1.0
3.85e-05,3.0,0.09093700086058734,0.04546850043029367,-0.04546850043029367,0.09093700086058734,0.88,1.0,-0.029062999139412654,0.03182795030120557,0.10912440103270481,1.0
3.8549999999999995e-05,3.0,0.09073635944516056,0.04536817972258028,-0.04536817972258028,0.09073635944516056,0.88,1.0,-0.029263640554839432,0.03175772580580619,0.10888363133419268,1.0
3.8599999999999996e-05,3.0,0.0905362612125321,0.04526813060626605,-0.04526813060626605,0.0905362612125321,0.88,1.0,-0.0294637387874679,0.03168769142438623,0.10864351345503852,1.0
3.865e-05,3.0,0.09033670437937855,0.04516835218968927,-0.04516835218968927,0.09033670437937855,0.88,1.0,-0.02966329562062145,0.03161784653278249,0.10840404525525425,1.0
3.87e-05,3.0,0.09013768716940504,0.04506884358470252,-0.04506884358470252,0.09013768716940504,0.88,1.0,-0.029862312830594956,0.031548190509291765,0.10816522460328605,1.0
3.875e-05,3.0,0.08993920781331215,0.044969603906656073,-0.044969603906656073,0.08993920781331215,0.88,1.0,-0.03006079218668785,0.03147872273465925,0.10792704937597458,1.0
3.88e-05,3.0,0.0897412645487627,0.04487063227438135,-0.04487063227438135,0.0897412645487627,0.88,1.0,-0.030258735451237292,0.03140944259206695,0.10768951745851524,1.0
3.8849999999999996e-05,3.0,0.08954385562034899,0.04477192781017449,-0.04477192781017449,0.08954385562034899,0.88,1.0,-0.03045614437965101,0.03134034946712214,0.10745262674441879,1.0
3.89e-05,3.0,0.08934697927956005,0.044673489639780024,-0.044673489639780024,0.08934697927956005,0.88,1.0,-0.030653020720439947,0.03127144274784602,0.10721637513547205,1.0
3.895e-05,3.0,0.08915063378474922,0.04457531689237461,-0.04457531689237461,0.08915063378474922,0.88,1.0,-0.03084936621525078,0.031202721824662223,0.10698076054169905,1.0
3.9e-05,3.0,0.08895481740110191,0.044477408700550954,-0.044477408700550954,0.08895481740110191,0.88,1.0,-0.03104518259889809,0.031134186090385665,0.10674578088132229,1.0
3.905e-05,3.0,0.08875952840060332,0.04437976420030166,-0.04437976420030166,0.08875952840060332,0.88,1.0,-0.031240471599396677,0.03106583494021116,0.10651143408072399,1.0
3.9099999999999995e-05,3.0,0.08856476506200646,0.04428238253100323,-0.04428238253100323,0.08856476506200646,0.88,1.0,-0.031435234937993536,0.030997667771702257,0.10627771807440775,1.0
3.9149999999999996e-05,3.0,0.08837052567080061,0.04418526283540031,-0.04418526283540031,0.08837052567080061,0.88,1.0,-0.03162947432919938,0.03092968398478021,0.10604463080496074,1.0
3.92e-05,3.0,0.08817680851917961,0.044088404259589806,-0.044088404259589806,0.08817680851917961,0.88,1.0,-0.031823191480820384,0.03086188298171286,0.10581217022301553,1.0
3.925e-05,3.0,0.08798361190601044,0.04399180595300522,-0.04399180595300522,0.08798361190601044,0.88,1.0,-0.03201638809398956,0.030794264167103652,0.10558033428721253,1.0
3.93e-05,3.0,0.08779093413680192,0.04389546706840096,-0.04389546706840096,0.08779093413680192,0.88,1.0,-0.03220906586319808,0.03072682694788067,0.1053491209641623,1.0
3.935e-05,3.0,0.08759877352367398,0.04379938676183699,-0.04379938676183699,0.08759877352367398,0.88,1.0,-0.03240122647632601,0.03065957073328589,0.10511852822840878,1.0
3.9399999999999995e-05,3.0,0.08740712838532642,0.04370356419266321,-0.04370356419266321,0.08740712838532642,0.88,1.0,-0.03259287161467357,0.030592494934864246,0.10488855406239171,1.0
3.945e-05,3.0,0.08721599704700837,0.043607998523504186,-0.043607998523504186,0.08721599704700837,0.88,1.0,-0.03278400295299162,0.03052559896645293,0.10465919645641004,1.0
3.95e-05,3.0,0.0870253778404878,0.0435126889202439,-0.0435126889202439,0.0870253778404878,0.88,1.0,-0.03297462215951219,0.03045888224417073,0.10443045340858537,1.0
3.955e-05,3.0,0.08683526910402099,0.043417634552010496,-0.043417634552010496,0.08683526910402099,0.88,1.0,-0.033164730895979,0.030392344186407346,0.10420232292482519,1.0
3.96e-05,3.0,0.0866456691823227,0.04332283459116135,-0.04332283459116135,0.0866456691823227,0.88,1.0,-0.0333543308176773,0.03032598421381294,0.10397480301878723,1.0
3.965e-05,3.0,0.08645657642653562,0.04322828821326781,-0.04322828821326781,0.08645657642653562,0.88,1.0,-0.033543423573464376,0.030259801749287465,0.10374789171184275,1.0
3.9699999999999996e-05,3.0,0.08626798919420114,0.04313399459710057,-0.04313399459710057,0.08626798919420114,0.88,1.0,-0.03373201080579885,0.030193796217970397,0.10352158703304137,1.0
3.975e-05,3.0,0.08607990584922902,0.04303995292461451,-0.04303995292461451,0.08607990584922902,0.88,1.0,-0.03392009415077098,0.030127967047230156,0.10329588701907483,1.0
3.98e-05,3.0,0.0858923247618685,0.04294616238093425,-0.04294616238093425,0.0858923247618685,0.88,1.0,-0.03410767523813149,0.030062313666653975,0.1030707897142422,1.0
3.985e-05,3.0,0.08570524430867842,0.04285262215433921,-0.04285262215433921,0.08570524430867842,0.88,1.0,-0.03429475569132158,0.029996835508037445,0.1028462931704141,1.0
3.99e-05,3.0,0.0855186628724984,0.0427593314362492,-0.0427593314362492,0.0855186628724984,0.88,1.0,-0.03448133712750159,0.029931532005374437,0.10262239544699808,1.0
3.9949999999999995e-05,3.0,0.08533257884241965,0.04266628942120983,-0.04266628942120983,0.08533257884241965,0.88,1.0,-0.03466742115758034,0.029866402594846877,0.10239909461090359,1.0
3.9999999999999996e-05,3.0,0.08514699061375607,0.04257349530687803,-0.04257349530687803,0.08514699061375607,0.88,1.0,-0.03485300938624393,0.02980144671481462,0.10217638873650728,1.0
